SKU,Name,"Selling Price","Wholesale Price","Cost Price",Quantity,Description,Barcode,Category,Brand,Warehouse,Vendor,"Alert Qty",Unit,Status,Weight,"Retail Margin","Wholesale Margin","Sample Code",Variations
TEST001,"Test Product",0.00,0.00,0.00,0,,,,,"Main Warehouse","Falcon Stationary PVT LTD",5,pcs,active,,0.00,0.00,,[]
AIBM,"Marshal Instrument Box",276.00,253.00,0.00,0,,,,,,,5,pcs,active,0.23,0.00,0.00,,[]
AIBT,"TipTop Instrument Box",480.00,440.00,0.00,0,,,,,,,5,pcs,inactive,0.51,0.00,0.00,,[]
AMG100,"Magnifying Glass 100mm",252.00,231.00,0.00,0,,,,,,,5,pcs,active,0.25,0.00,0.00,,[]
AMG50,"Magnifying Glass 50mm",108.00,99.00,0.00,0,,,,,,,5,pcs,active,0.4,0.00,0.00,,[]
AMG60,"Magnifying Glass 60mm",132.00,121.00,0.00,0,,,,,,,5,pcs,active,0.37,0.00,0.00,,[]
AMG75,"Magnifying Glass 75mm",192.00,176.00,0.00,0,,,,,,,5,pcs,active,0.43,0.00,0.00,,[]
AMG90,"Magnifying Glass 90mm",360.00,330.00,0.00,0,,,,,,,5,pcs,active,0.32,0.00,0.00,,[]
AMS4,"Maths Set 4Pcs",132.00,121.00,0.00,0,,,,,,,5,pcs,active,0.06,0.00,0.00,,[]
APPAS13,"Pastal Pentium 13Pcs",200.40,183.70,0.00,0,,,,,,,5,pcs,active,0.07,0.00,0.00,,[]
APPAS24,"Pastal Pentium 24Pcs",357.60,327.80,0.00,0,,,,,,,5,pcs,active,0.1,0.00,0.00,,[]
APPAS6,"Pastal Pentium 6Pcs",108.00,100.00,80.00,110,,,"Arts and Crafts",,"Main Warehouse","Falcon Stationary PVT LTD",5,pcs,active,0.03,35.00,25.00,,[]
APPC18,"Cosmo Colour Pencil 18Pcs",594.00,544.50,0.00,0,,,,,,,5,pcs,active,0.18,0.00,0.00,,[]
APPC36,"Cosmo Colour Pencil 36Pcs",1428.00,1.00,0.00,0,,,,,,,5,pcs,active,0.24,0.00,0.00,,[]
APPC48,"Cosmo Colour Pencil 48Pcs",1908.00,1.00,0.00,0,,,"Arts and Crafts",,,"Falcon Stationary PVT LTD",5,pcs,active,0.38,0.00,0.00,,[]
APPC6,"Cosmo Colour Pencil 6Pcs",180.00,165.00,0.00,0,,,,,,,5,pcs,active,0.05,0.00,0.00,,[]
APPC72,"Cosmo Colour Pencil 72Pcs",2748.00,2.00,0.00,0,,,,,,,5,pcs,inactive,0.33,0.00,0.00,,[]
APPECP12,"Erasable Colour Pencil 12Pcs",588.00,539.00,0.00,0,,,,,,,5,pcs,inactive,0.08,0.00,0.00,,[]
APPL12AC,"Acrylic Platignum 12Pcs",696.00,639.10,0.00,0,,,,,,,5,pcs,active,0.09,0.00,0.00,,[]
APPL24AC,"Acrylic Platignum 24Pcs",1308.00,1199.00,0.00,0,,,,,,,5,pcs,active,0.24,0.00,0.00,,[]
APPL6,"Platignum 6Pcs",270.00,247.50,0.00,0,,,,,,,5,pcs,active,0.03,0.00,0.00,,[]
APPL6Y,"Platignum Yalong 6 Colours",264.00,242.00,0.00,0,,,,,,,5,pcs,active,0.1,0.00,0.00,,[]
APPDT12,"DOMS Color Pencil Tin 12Pcs",480.00,440.00,0.00,0,,,,,,,5,pcs,active,0.1,0.00,0.00,,[]
APWCC12,"Water Colour Cake 12Pcs",320.00,258.50,0.00,0,,,,,,,5,pcs,active,0.32,0.00,0.00,,[]
APWCT6,"Water Color Tube 6Ml",270.00,247.50,0.00,0,,,,,,,5,pcs,active,0.07,0.00,0.00,,[]
APWCTVN,"Vneed Water Colour Tube 6ml",450.00,412.50,0.00,0,,,,,,,5,pcs,active,0.22,0.00,0.00,,[]
AST1,"Stencil 1Pcs",96.00,88.00,0.00,0,,,,,,,5,pcs,active,0.5,0.00,0.00,,[]
AST2,"Stencil 2Pcs",198.00,181.50,0.00,0,,,,,,,5,pcs,active,0.41,0.00,0.00,,[]
BCBFCD,"Document Bag",0.00,297.00,0.00,0,,,,,,,5,pcs,active,0.51,0.00,0.00,,"[{""id"":19801,""attribute"":""Red"",""sku"":""BCBFCDR"",""cost_price"":0,""price"":324,""wholesale_price"":0},{""id"":19800,""attribute"":""Green"",""sku"":""BCBFCDG"",""cost_price"":0,""price"":365,""wholesale_price"":0}]"
BCBFCN,"Name Clear Bag",0.00,137.50,0.00,0,,,,,,,5,pcs,active,0.66,0.00,0.00,,"[{""id"":19805,""attribute"":""Green"",""sku"":""BCBFCNG"",""cost_price"":0,""price"":150,""wholesale_price"":0},{""id"":19804,""attribute"":""Pink"",""sku"":""BCBFCNP"",""cost_price"":0,""price"":170,""wholesale_price"":0}]"
BCBFCP803,"Plain Clear Bag",0.00,93.50,0.00,0,,,,,,,5,pcs,active,0.84,0.00,0.00,,"[{""id"":19810,""attribute"":""Orange"",""sku"":""BCBFCP803"",""cost_price"":0,""price"":102,""wholesale_price"":0},{""id"":19809,""attribute"":""Green"",""sku"":""BCBFCP803"",""cost_price"":0,""price"":102,""wholesale_price"":0},{""id"":19808,""attribute"":""Pink"",""sku"":""BCBFCP803"",""cost_price"":0,""price"":102,""wholesale_price"":0},{""id"":19807,""attribute"":""Blue"",""sku"":""BCBFCP803"",""cost_price"":0,""price"":115,""wholesale_price"":0}]"
BCB,"My Clear Bag",0.00,0.00,0.00,0,,,,,,,5,pcs,active,0.88,0.00,0.00,,"[{""id"":19787,""attribute"":""Yellow"",""sku"":""BCBFCY"",""cost_price"":0,""price"":60,""wholesale_price"":0},{""id"":19786,""attribute"":""Red"",""sku"":""BCBR"",""cost_price"":0,""price"":60,""wholesale_price"":0},{""id"":19785,""attribute"":""Green"",""sku"":""BCBG"",""cost_price"":0,""price"":60,""wholesale_price"":0},{""id"":19784,""attribute"":""White"",""sku"":""BCBW"",""cost_price"":0,""price"":60,""wholesale_price"":0},{""id"":19783,""attribute"":""Blue"",""sku"":""BCBB"",""cost_price"":0,""price"":60,""wholesale_price"":0}]"
BNC,"Number Candles No 0-9",33.60,30.80,0.00,0,,,,,,,5,pcs,active,0.35,0.00,0.00,,[]
BOBCB5,"Book Cover B5",300.00,275.00,0.00,0,,,,,,,5,pcs,active,0.69,0.00,0.00,,[]
BOBCCR,"Book Cover CR",360.00,330.00,0.00,0,,,,,,,5,pcs,active,0.32,0.00,0.00,,[]
BOBCP,"Polyethene Roll",0.00,0.00,0.00,0,,,,,,,5,pcs,active,0.23,0.00,0.00,,"[{""id"":19223,""attribute"":""5 Yard"",""sku"":""BOBCP5Y"",""cost_price"":0,""price"":102,""wholesale_price"":0},{""id"":19222,""attribute"":""1 KG"",""sku"":""BOBCP1K"",""cost_price"":0,""price"":768,""wholesale_price"":0}]"
BOBZ2150FC,"Zipper Bag FC",0.00,159.50,0.00,0,,,,,,,5,pcs,active,0.72,0.00,0.00,,"[{""id"":19823,""attribute"":""Orange"",""sku"":""BOBZ2150FCO"",""cost_price"":0,""price"":174,""wholesale_price"":0},{""id"":19822,""attribute"":""White"",""sku"":""BOBZ2150FCW"",""cost_price"":0,""price"":174,""wholesale_price"":0},{""id"":19821,""attribute"":""Pink"",""sku"":""BOBZ2150FCP"",""cost_price"":0,""price"":236,""wholesale_price"":0}]"
BOCAM,"Birthday Candle Mini",42.00,38.50,0.00,0,,,,,,,5,pcs,inactive,0.16,0.00,0.00,,[]
BOCLC0698,"Birthday Letter Candle 0698",174.72,160.16,0.00,0,,,,,,,5,pcs,active,0.15,0.00,0.00,,[]
BOCLC1566,"Birthday Letter Candle 0556",216.00,198.00,0.00,0,,,,,,,5,pcs,active,0.17,0.00,0.00,,[]
BOCMC1202,"Birthday Music Candle 1202",270.00,247.50,0.00,0,,,,,,,5,pcs,inactive,0.27,0.00,0.00,,[]
BOCMC4015,"Birthday Music Candle 4015",336.00,308.00,0.00,0,,,,,,,5,pcs,inactive,0.56,0.00,0.00,,[]
BOCPC6694,"Party Candle 6694",174.00,159.50,0.00,0,,,,,,,5,pcs,active,0.43,0.00,0.00,,[]
BOSB40,"Scrap Book 40 Pgs",228.00,209.00,0.00,0,,,,,,,5,pcs,inactive,0.56,0.00,0.00,,[]
BOSB80,"Scrap Book 80 Pgs",348.00,319.00,0.00,0,,,,,,,5,pcs,inactive,0.4,0.00,0.00,,[]
BPB10DO,"Dot Balloon 12 10Pcs",192.00,176.00,0.00,0,,,,,,,5,pcs,active,0.17,0.00,0.00,,[]
BPB12,"Balloon No 12 100Pcs",816.00,748.00,0.00,0,,,,,,,5,pcs,active,0.54,0.00,0.00,,[]
BPB20,"9 Assorted Balloon 20Pcs",192.00,176.00,0.00,0,,,,,,,5,pcs,active,0.3,0.00,0.00,,[]
BPBF5025,"Birthday Foil Balloon",456.00,418.00,0.00,0,,,,,,,5,pcs,active,0.53,0.00,0.00,,[]
BPBHR10,"Heart Balloon Red 10Pcs",138.00,126.50,0.00,0,,,,,,,5,pcs,active,0.19,0.00,0.00,,[]
BPBP7,"Birthday Balloon 7Pcs",0.00,308.00,0.00,0,,,,,,,5,pcs,active,0.45,0.00,0.00,,"[{""id"":19759,""attribute"":""Gold"",""sku"":""BPBP7"",""cost_price"":0,""price"":336,""wholesale_price"":0},{""id"":19758,""attribute"":""Pink"",""sku"":""BPBP7"",""cost_price"":0,""price"":380,""wholesale_price"":0}]"
CLC2023,"Modeling Clay 6 Colour 2023",264.00,242.00,0.00,0,,,,,,,5,pcs,active,0.34,0.00,0.00,,[]
CLCSA,"Modeling Sand Clay 300G",318.00,291.50,0.00,0,,,,,,,5,pcs,inactive,0.56,0.00,0.00,,[]
CLMPAS10,"Plastilina Clay 10 Colours",234.00,214.50,0.00,0,,,,,,,5,pcs,active,0.47,0.00,0.00,,[]
CLSL329,"Slime 329",228.00,209.00,0.00,0,,,,,,,5,pcs,inactive,0.47,0.00,0.00,,[]
CLSL330,"Slime 330",228.00,209.00,0.00,0,,,,,,,5,pcs,inactive,0.39,0.00,0.00,,[]
CLSL331,"Slime 331",228.00,209.00,0.00,0,,,,,,,5,pcs,active,0.11,0.00,0.00,,[]
CLSL332,"Slime 332",228.00,209.00,0.00,0,,,,,,,5,pcs,active,0.44,0.00,0.00,,[]
CLSL333,"Slime 333 12 Pcs",528.00,484.00,0.00,0,,,,,,,5,pcs,active,0.47,0.00,0.00,,[]
CLSL335,"Slime 335",378.00,346.50,0.00,0,,,,,,,5,pcs,inactive,0.54,0.00,0.00,,[]
CTF2,"Form Tape 2 Inch",168.00,154.00,0.00,0,,,,,,,5,pcs,active,0.08,0.00,0.00,,[]
CTG60,"Glitter Tape 60Pcs",1260.00,1.00,0.00,0,,,,,,,5,pcs,active,0.56,0.00,0.00,,[]
CTGT,"Glue Tack",405.00,371.25,0.00,0,,,,,,,5,pcs,inactive,0.12,0.00,0.00,,[]
CTM1|2,"Mounting Tape 1/2'",101.54,93.08,0.00,0,,,,,,,5,pcs,active,0.06,0.00,0.00,,[]
DCGGL,"Glue Gun Large",600.00,550.00,0.00,0,,,,,,,5,pcs,inactive,0.34,0.00,0.00,,[]
DCGGS,"Glue Gun Stick 1000G",1422.00,1.00,0.00,0,,,,,,,5,pcs,inactive,0.29,0.00,0.00,,[]
DCPQ,"Paper Quiling",277.20,254.10,0.00,0,,,,,,,5,pcs,inactive,0.26,0.00,0.00,,[]
ERBD36,"Desighn Eraser Drum 36Pcs",510.00,467.50,0.00,0,,,,,,,5,pcs,inactive,0.07,0.00,0.00,,[]
ERDJ100,"Doms Eraser Jar 3438 100Pcs",1800.00,1.00,0.00,0,,,,,,,5,pcs,active,0.08,0.00,0.00,,[]
ERDR1711,"Rocket Erazer",49.50,45.38,0.00,0,,,,,,,5,pcs,active,0.4,0.00,0.00,,[]
ERDT,"Touch Eraser Pen 24Pcs",1656.00,1.00,0.00,0,,,,,,,5,pcs,active,0.15,0.00,0.00,,[]
ERNJD,"Doms Erazer Jar 60Pcs",2235.60,2.00,0.00,0,,,,,,,5,pcs,active,0.59,0.00,0.00,,[]
ERNM30,"Master Erazer 30Pcs",1032.00,946.00,0.00,0,,,,,,,5,pcs,active,0.44,0.00,0.00,,[]
ERNM60,"Master Erazer 60Pcs",1032.00,946.00,0.00,0,,,,,,,5,pcs,active,0.31,0.00,0.00,,[]
ERNST20,"Stedtler Eraser 20Pcs",885.00,811.25,0.00,0,,,,,,,5,pcs,active,0.07,0.00,0.00,,[]
ERNST30,"Stedtler Eraser 30Pcs",885.00,811.25,0.00,0,,,,,,,5,pcs,active,0.07,0.00,0.00,,[]
FCBA4,"Clip Board Plastic A4",300.00,275.00,0.00,0,,,,,,,5,pcs,active,0.43,0.00,0.00,,[]
FFL18,"File Lase 18 Inch",432.00,396.00,0.00,0,,,,,,,5,pcs,inactive,0.3,0.00,0.00,,[]
FOFCF802F,"Campus File FC 802F",0.00,535.70,0.00,0,,,,,,,5,pcs,active,0.34,0.00,0.00,,"[{""id"":19988,""attribute"":""Light Blue"",""sku"":""FOFCF802F"",""cost_price"":0,""price"":584.4,""wholesale_price"":0},{""id"":19987,""attribute"":""Pink"",""sku"":""FOFCF802F"",""cost_price"":0,""price"":584.4,""wholesale_price"":0},{""id"":19986,""attribute"":""Blue"",""sku"":""FOFCF802F"",""cost_price"":0,""price"":660,""wholesale_price"":0}]"
FOFF4,"4 Hole File With Lase",168.00,154.00,0.00,0,,,,,,,5,pcs,inactive,0.35,0.00,0.00,,[]
FOFTF,"Tick File",0.00,239.80,0.00,0,,,,,,,5,pcs,active,0.39,0.00,0.00,,"[{""id"":19818,""attribute"":""Red"",""sku"":""FOFTFR"",""cost_price"":0,""price"":102,""wholesale_price"":0},{""id"":19817,""attribute"":""Orange"",""sku"":""FOFTFO"",""cost_price"":0,""price"":102,""wholesale_price"":0},{""id"":19816,""attribute"":""Green"",""sku"":""FOFTFG"",""cost_price"":0,""price"":102,""wholesale_price"":0},{""id"":19815,""attribute"":""Pink"",""sku"":""FOFTFP"",""cost_price"":0,""price"":102,""wholesale_price"":0},{""id"":19814,""attribute"":""Blue"",""sku"":""FOFTFB"",""cost_price"":0,""price"":102,""wholesale_price"":0},{""id"":19813,""attribute"":""Black"",""sku"":""FOFTFBL"",""cost_price"":0,""price"":295,""wholesale_price"":0}]"
FPFMIX,"Paper File Cover Mix 100Pcs",1436.40,1.00,0.00,0,,,,,,,5,pcs,active,1.49,0.00,0.00,,[]
FPF,"Paper File Cover 100Pcs",1436.40,1.00,0.00,0,,,,,,,5,pcs,active,1.26,0.00,0.00,,[]
FRFA4BL,"Two Ring File A4",396.00,363.00,0.00,0,,,,,,,5,pcs,active,0.36,0.00,0.00,,[]
GISS18101,"Stationery Set 18101",282.00,258.50,0.00,0,,,,,,,5,pcs,inactive,0.27,0.00,0.00,,[]
GISS6605,"Stationery Set 6605",282.00,258.50,0.00,0,,,,,,,5,pcs,active,0.3,0.00,0.00,,[]
GISS6608,"Stationery Set 6608",282.00,258.50,0.00,0,,,,,,,5,pcs,active,0.15,0.00,0.00,,[]
HL4,"Highlighter 4pcs",354.00,324.50,0.00,0,,,,,,,5,pcs,active,0.02,0.00,0.00,,[]
HL5,"Highlighter Pen Set 5Pcs",522.00,478.50,0.00,0,,,,,,,5,pcs,active,0.06,0.00,0.00,,[]
HL6,"Highlighter 6pcs",516.00,473.00,0.00,0,,,,,,,5,pcs,active,0.05,0.00,0.00,,[]
HL6D,"Highlighter DIY 6 Pcs",522.00,478.50,0.00,0,,,,,,,5,pcs,active,0.07,0.00,0.00,,[]
HL6G,"Highlighter Gxin 6Pcs",588.00,539.00,0.00,0,,,,,,,5,pcs,active,0.04,0.00,0.00,,[]
HL959,"Highlighter 959 6Pcs",532.50,488.13,0.00,0,,,,,,,5,pcs,active,0.06,0.00,0.00,,[]
HLSY,"Artistic Highlighter",108.00,99.00,0.00,0,,,,,,,5,pcs,active,0.09,0.00,0.00,,[]
KLBB24,"Building Block 24Pcs",180.00,165.00,0.00,0,,,,,,,5,pcs,active,0.53,0.00,0.00,,[]
KLBB40,"Building Block 40Pcs",240.00,220.00,0.00,0,,,,,,,5,pcs,inactive,0.24,0.00,0.00,,[]
KLCLL,"Kids Lerning Clock Large",183.60,168.30,0.00,0,,,,,,,5,pcs,active,0.57,0.00,0.00,,[]
KLCLS,"Kids Lerning Clock Small",165.00,151.25,0.00,0,,,,,,,5,pcs,active,0.6,0.00,0.00,,[]
KLGSRS,"Skipping Rope Small",168.00,154.00,0.00,0,,,,,,,5,pcs,inactive,0.57,0.00,0.00,,[]
KLGSRSP,"Skipping Rope Sponge",222.00,203.50,0.00,0,,,,,,,5,pcs,inactive,0.26,0.00,0.00,,[]
KLISC,"Ice Stick Pack Colour",132.00,121.00,0.00,0,,,,,,,5,pcs,inactive,0.59,0.00,0.00,,[]
KLISW,"Ice Stick Pack White",132.00,121.00,0.00,0,,,,,,,5,pcs,inactive,0.4,0.00,0.00,,[]
KLLBN,"Letter Bag Numbers",138.00,126.50,0.00,0,,,,,,,5,pcs,active,1.03,0.00,0.00,,[]
KLLBWA,"Wooden Number Bag",369.60,338.80,0.00,0,,,,,,,5,pcs,active,0.61,0.00,0.00,,[]
KLLBWN,"Wooden Alphabat Bag",600.00,550.00,0.00,0,,,,,,,5,pcs,active,0.8,0.00,0.00,,[]
KLLCS,"Alphabet Card Sinhala",300.00,275.00,0.00,0,,,,,,,5,pcs,inactive,0.59,0.00,0.00,,[]
KLMC357,"Magic Cube 357",4200.00,3.00,0.00,0,,,,,,,5,pcs,active,0.31,0.00,0.00,,[]
KLMCP,"Magic Cube Pyramid",607.50,556.88,0.00,0,,,,,,,5,pcs,active,0.53,0.00,0.00,,[]
KLMGS,"Magnet Set Small",397.80,364.65,0.00,0,,,,,,,5,pcs,active,0.36,0.00,0.00,,[]
KLMGSM,"Magnet Set Box Mini",258.00,236.50,0.00,0,,,,,,,5,pcs,active,0.25,0.00,0.00,,[]
KLPCB,"Painting Book With Water Colour",200.00,182.60,0.00,0,,,,,,,5,pcs,active,0.74,0.00,0.00,,[]
KLPCB3+,"Painting Book 3+",246.00,227.70,0.00,0,,,,,,,5,pcs,active,0.76,0.00,0.00,,[]
KLPCEPL,"Embosed Painting Card With Platignum",162.00,148.50,0.00,0,,,,,,,5,pcs,active,0.43,0.00,0.00,,[]
KLPCPL,"Painting Card With Platignum",88.00,80.30,0.00,0,,,,,,,5,pcs,active,0.65,0.00,0.00,,[]
KLPCWC_Duplicate,"Painting Card With Wc Cup",120.00,110.00,0.00,0,,,,,,,5,pcs,active,0.49,0.00,0.00,,[]
KLPCWC2,"Water Colour Painting Card 2Pcs",180.00,165.00,0.00,0,,,,,,,5,pcs,active,0.13,0.00,0.00,,[]
KLSBL,"Scrach Book Large",262.00,239.80,0.00,0,,,,,,,5,pcs,active,0.64,0.00,0.00,,[]
KLSBS,"Scrach Book Small",162.00,148.50,0.00,0,,,,,,,5,pcs,active,0.5,0.00,0.00,,[]
KLSH24,"Shapes 24Pcs",90.00,82.50,0.00,0,,,,,,,5,pcs,active,0.18,0.00,0.00,,[]
KTM,"Key Tag Mix 12Pcs",720.00,660.00,0.00,0,,,,,,,5,pcs,active,0.12,0.00,0.00,,[]
LB3317,"Lunch Box",691.20,633.60,0.00,0,,,,,,,5,pcs,active,0.27,0.00,0.00,,[]
LB3318,"Lunch Box",354.00,324.50,0.00,0,,,,,,,5,pcs,active,0.3,0.00,0.00,,[]
LB3319,"Lunch Box",354.00,324.50,0.00,0,,,,,,,5,pcs,active,0.42,0.00,0.00,,[]
LB3320,"Lunch Box",661.20,606.10,0.00,0,,,,,,,5,pcs,active,0.37,0.00,0.00,,[]
LB3321,"Lunch Box",691.20,633.60,0.00,0,,,,,,,5,pcs,active,0.28,0.00,0.00,,[]
LB3323,"Lunch Box",415.20,380.60,0.00,0,,,,,,,5,pcs,active,0.51,0.00,0.00,,[]
LB3324,"Lunch Box",691.20,633.60,0.00,0,,,,,,,5,pcs,active,0.58,0.00,0.00,,[]
LB33-25,"Lunch Box",460.80,422.40,0.00,0,,,,,,,5,pcs,active,0.43,0.00,0.00,,[]
LB3326,"Lunch Box",722.40,662.20,0.00,0,,,,,,,5,pcs,active,0.36,0.00,0.00,,[]
LB335,"Lunch Box",661.20,606.10,0.00,0,,,,,,,5,pcs,active,0.73,0.00,0.00,,[]
LB3377,"Lunch Box (33-77)",738.00,676.50,0.00,0,,,,,,,5,pcs,active,0.58,0.00,0.00,,[]
LB3378,"Lunch Box (33-78)",706.80,647.90,0.00,0,,,,,,,5,pcs,active,0.4,0.00,0.00,,[]
LB3379,"Lunch Box (33-79)",553.20,507.10,0.00,0,,,,,,,5,pcs,active,0.37,0.00,0.00,,[]
LB3520,"Steel Lunch Box 3520",1656.00,1.00,0.00,0,,,,,,,5,pcs,active,0.38,0.00,0.00,,[]
LB6713,"Lunch Box 6713",873.60,800.80,0.00,0,,,,,,,5,pcs,active,0.47,0.00,0.00,,[]
LB6714,"Lunch Box 6714",833.28,763.84,0.00,0,,,,,,,5,pcs,active,0.52,0.00,0.00,,[]
LB6717,"Lunch Box 6717",940.80,862.40,0.00,0,,,,,,,5,pcs,active,0.49,0.00,0.00,,[]
LB6718,"Lunch Box 6718",873.60,800.80,0.00,0,,,,,,,5,pcs,active,0.68,0.00,0.00,,[]
LB6815,"Lunch Box 6815",786.00,720.50,0.00,0,,,,,,,5,pcs,active,0.43,0.00,0.00,,[]
LBLHE37,"Lunch Box Hesal 37",300.00,275.00,0.00,0,,,,,,,5,pcs,active,0.41,0.00,0.00,,[]
LBLHE42,"Lunch Box Hesal 42",258.00,236.50,0.00,0,,,,,,,5,pcs,active,0.24,0.00,0.00,,[]
LBLMF,"Lunch Box Mf",300.00,275.00,0.00,0,,,,,,,5,pcs,active,0.51,0.00,0.00,,[]
LBLMIN118,"Lunch Box Minwin 001-18",408.00,374.00,0.00,0,,,,,,,5,pcs,active,0.3,0.00,0.00,,[]
LBLMIN818,"Lunch Box Minwin 008-18",450.00,412.50,0.00,0,,,,,,,5,pcs,active,0.51,0.00,0.00,,[]
LBLRBK,"Lunch Box Rainbow King",384.00,352.00,0.00,0,,,,,,,5,pcs,active,0.27,0.00,0.00,,[]
LMBBCB50,"Binding Back Cover Blue 50 Sheets",1740.00,1.00,0.00,0,,,,,,,5,pcs,active,0.18,0.00,0.00,,[]
LMBBCBL50,"Binding Back Cover Black 50 Sheets",1740.00,1.00,0.00,0,,,,,,,5,pcs,active,0.53,0.00,0.00,,[]
LMBFC150,"Binding Front Cover Mic 100 Sheets",1740.00,1.00,0.00,0,,,,,,,5,pcs,active,0.36,0.00,0.00,,[]
LMFIDC,"Id Clip Plastic",16.50,15.13,0.00,0,,,,,,,5,pcs,active,0.24,0.00,0.00,,[]
LMLM,"Laminating Machine",20400.00,18.00,0.00,0,,,,,,,5,pcs,active,0.5,0.00,0.00,,[]
LMNTP,"Name Tag Plastic 100Pcs",1560.00,1.00,0.00,0,,,,,,,5,pcs,active,0.23,0.00,0.00,,[]
LMNTS,"Name Tag Steel 100Pcs",1560.00,1.00,0.00,0,,,,,,,5,pcs,active,0.3,0.00,0.00,,[]
LMOFID,"Id Code",56.70,51.98,0.00,0,,,,,,,5,pcs,inactive,0.26,0.00,0.00,,[]
LMOFIDP,"Id Pouch",26.74,24.51,0.00,0,,,,,,,5,pcs,active,0.53,0.00,0.00,,[]
LMPPD,"Photo Paper Double Side",480.00,440.00,0.00,0,,,,,,,5,pcs,active,0.58,0.00,0.00,,[]
LMPPS,"Photo Paper Single Side",480.00,440.00,0.00,0,,,,,,,5,pcs,inactive,0.23,0.00,0.00,,[]
MRP,"Meter Ruller Plastic",132.00,121.00,0.00,0,,,,,,,5,pcs,active,0.21,0.00,0.00,,[]
OSCP369,"Staple Pin No 369 10Pcs",450.00,412.50,0.00,0,,,,,,,5,pcs,active,0.54,0.00,0.00,,[]
OSCPDP,"Drawing Pin",337.50,309.38,0.00,0,,,,,,,5,pcs,inactive,0.42,0.00,0.00,,[]
OSCPOP,"Office Pin",588.00,539.00,0.00,0,,,,,,,5,pcs,active,0.23,0.00,0.00,,[]
OSCPPC1,"Paper Clip Square",588.00,539.00,0.00,0,,,,,,,5,pcs,active,0.51,0.00,0.00,,[]
OSCPPC2,"Paper Clip Colour 10Pcs",714.00,654.50,0.00,0,,,,,,,5,pcs,active,0.59,0.00,0.00,,[]
OSCPPC3,"Desighn Paper Clip",200.40,183.70,0.00,0,,,,,,,5,pcs,active,0.5,0.00,0.00,,[]
OSCPPF,"Paper Fastener 50S",204.00,187.00,0.00,0,,,,,,,5,pcs,inactive,0.38,0.00,0.00,,[]
OSCPPP,"Push Pin Single",114.00,104.50,0.00,0,,,,,,,5,pcs,active,0.28,0.00,0.00,,[]
OSOACHW,"Chalk White 100Pcs",252.00,231.00,0.00,0,,,,,,,5,pcs,active,0.46,0.00,0.00,,[]
OSOAIPL,"Ink Pad Large",486.00,445.50,0.00,0,,,,,,,5,pcs,inactive,0.12,0.00,0.00,,[]
OSOAIPM,"Ink Pad Medium",222.00,203.50,0.00,0,,,,,,,5,pcs,active,0.11,0.00,0.00,,[]
OSOAIPS,"Ink Pad Small",202.50,185.63,0.00,0,,,,,,,5,pcs,inactive,0.17,0.00,0.00,,[]
OSOAPCH1,"Dl Utility Knife 3081 Small",87.00,79.75,0.00,0,,,,,,,5,pcs,active,0.48,0.00,0.00,,[]
OSOAPCH3,"Cutter Knife Heavy Duty Large",210.00,192.50,0.00,0,,,,,,,5,pcs,active,0.39,0.00,0.00,,[]
OSOAPCL,"Falcon Paper Cutter Large",438.00,401.50,0.00,0,,,,,,,5,pcs,active,0.17,0.00,0.00,,[]
OSOAPCS,"Falcon Paper Cutter Small",360.00,330.00,0.00,0,,,,,,,5,pcs,active,0.21,0.00,0.00,,[]
OSOAPIP,"Pad Inc Purple",135.60,124.30,0.00,0,,,,,,,5,pcs,active,0.08,0.00,0.00,,[]
OSOAPT,"Price Tag 10Pcs",825.00,756.25,0.00,0,,,,,,,5,pcs,active,0.52,0.00,0.00,,[]
OSOAPTM,"Price Tag Machine",1428.00,1.00,0.00,0,,,,,,,5,pcs,active,0.46,0.00,0.00,,[]
OSOATD2,"Tape Dispenser Dl20051",585.60,536.80,0.00,0,,,,,,,5,pcs,inactive,0.1,0.00,0.00,,[]
OSOAWBE1,"White Board Eraser Square",105.60,96.80,0.00,0,,,,,,,5,pcs,active,0.18,0.00,0.00,,[]
OSOAWBE2,"White Board Erazer Bee",127.50,116.88,0.00,0,,,,,,,5,pcs,active,0.5,0.00,0.00,,[]
OSOAWBE24,"White Board Erazer Smile Face 24Pcs",1296.00,1.00,0.00,0,,,,,,,5,pcs,active,0.41,0.00,0.00,,[]
OSOAWBE4,"White Board Erazer Printed",127.50,116.88,0.00,0,,,,,,,5,pcs,active,0.24,0.00,0.00,,[]
OSOAWBE7,"White Board Eraser Heart",115.20,105.60,0.00,0,,,,,,,5,pcs,active,0.02,0.00,0.00,,[]
OSOAWBE8,"White Board Eraser Bird",120.00,110.00,0.00,0,,,,,,,5,pcs,active,0.01,0.00,0.00,,[]
OSOAWBE9,"White Board Eraser 3D Smile",120.00,110.00,0.00,0,,,,,,,5,pcs,active,0.01,0.00,0.00,,[]
OSPU8230,"Puncher Dl 8230",480.00,440.00,0.00,0,,,,,,,5,pcs,active,0.37,0.00,0.00,,[]
OSPU8231,"One Hole Puncher Steel",421.20,386.10,0.00,0,,,,,,,5,pcs,inactive,0.54,0.00,0.00,,[]
OSPU8250,"Puncher Dl8250",708.00,649.00,0.00,0,,,,,,,5,pcs,active,0.31,0.00,0.00,,[]
OSSTM0102,"No 10 Stapler Machine DL 0102",285.00,261.25,0.00,0,,,,,,,5,pcs,active,0.25,0.00,0.00,,[]
OSSTM0258,"No 10 Stapler Machine DL 0258",352.50,323.13,0.00,0,,,,,,,5,pcs,active,0.14,0.00,0.00,,[]
OSSTM10,"Stapler Machine Mini 369",240.00,220.00,0.00,0,,,,,,,5,pcs,active,0.1,0.00,0.00,,[]
osstm2506,"Long Arm Stapler 2506",2970.00,2.00,0.00,0,,,,,,,5,pcs,active,0.14,0.00,0.00,,[]
PBMB1230,"Magnette Box 1230",0.00,247.50,0.00,0,,,,,,,5,pcs,active,0.05,0.00,0.00,,"[{""id"":19844,""attribute"":""Purple"",""sku"":""PBMB1230P"",""cost_price"":0,""price"":270,""wholesale_price"":0},{""id"":19843,""attribute"":""Blue"",""sku"":""PBMB1230B"",""cost_price"":0,""price"":305,""wholesale_price"":0}]"
PBMB31,"Magnette Box 6A31",564.00,517.00,0.00,0,,,,,,,5,pcs,active,0.08,0.00,0.00,,[]
PBMB45,"Magnette Box Hb45",0.00,434.50,0.00,0,,,,,,,5,pcs,active,0.1,0.00,0.00,,"[{""id"":19846,""attribute"":""Pink"",""sku"":""PBMB45P"",""cost_price"":0,""price"":474,""wholesale_price"":0},{""id"":19845,""attribute"":""Blue"",""sku"":""PBMB45B"",""cost_price"":0,""price"":535,""wholesale_price"":0}]"
PBMB6363,"Magnette Box 6363",0.00,533.50,0.00,0,,,,,,,5,pcs,active,0.07,0.00,0.00,,"[{""id"":19842,""attribute"":""Green"",""sku"":""PBMB6363G"",""cost_price"":0,""price"":582,""wholesale_price"":0},{""id"":19841,""attribute"":""Pink"",""sku"":""PBMB6363P"",""cost_price"":0,""price"":655,""wholesale_price"":0}]"
PBMB8142,"Magnette Box 8142",0.00,440.00,0.00,0,,,,,,,5,pcs,active,0.06,0.00,0.00,,"[{""id"":19834,""attribute"":""Purple"",""sku"":""PBMB8142P"",""cost_price"":0,""price"":480,""wholesale_price"":0},{""id"":19833,""attribute"":""Blue"",""sku"":""PBMB8142B"",""cost_price"":0,""price"":540,""wholesale_price"":0}]"
PBX5772,"Pencil Box 5772",0.00,935.02,0.00,0,,,,,,,5,pcs,active,0.07,0.00,0.00,,"[{""id"":19832,""attribute"":""Light Blue"",""sku"":""PBX5772"",""cost_price"":0,""price"":1020,""wholesale_price"":0},{""id"":19831,""attribute"":""Blue"",""sku"":""PBX5772"",""cost_price"":0,""price"":1020,""wholesale_price"":0},{""id"":19830,""attribute"":""Black"",""sku"":""PBX5772"",""cost_price"":0,""price"":0,""wholesale_price"":0}]"
PCP100,"Photo Copy Paper 100 Sheets",240.00,220.00,0.00,0,,,,,,,5,pcs,active,0.3,0.00,0.00,,[]
PCPA4100,"A4 Paper 100 Sheets",300.00,275.00,0.00,0,,,,,,,5,pcs,active,0.44,0.00,0.00,,[]
PCPA481,"Double A A4 Copy Paper 80 Gsm",1860.00,1.00,0.00,0,,,,,,,5,pcs,active,0.51,0.00,0.00,,[]
PCPA4FA80,"Falcon Copy Paper A4 80 GSM",1140.00,1045.00,0.00,0,,,,,,,5,pcs,inactive,0.17,0.00,0.00,,[]
PENCL,"Liner Colour Pen 6Pcs",522.00,478.50,0.00,0,,,,,,,5,pcs,active,0.07,0.00,0.00,,[]
PENCRA,"Colour Pen Rabbit",132.00,121.00,0.00,0,,,,,,,5,pcs,inactive,0.08,0.00,0.00,,[]
PENHWL,"Pen Holder Wooden Large",264.00,242.00,0.00,0,,,,,,,5,pcs,active,0.07,0.00,0.00,,[]
PENHWS,"Pen Holder Wooden Small",228.00,209.00,0.00,0,,,,,,,5,pcs,active,0.08,0.00,0.00,,[]
PENPHFS3336,"Pen Holders Bunny",169.20,155.10,0.00,0,,,,,,,5,pcs,active,0.07,0.00,0.00,,[]
PENPHFS3337,"Pen Holders Ovel",277.20,254.10,0.00,0,,,,,,,5,pcs,inactive,0.05,0.00,0.00,,[]
PENPHFS3367,"Pen Holders Kity",200.40,183.70,0.00,0,,,,,,,5,pcs,inactive,0.04,0.00,0.00,,[]
PENPHFS3368,"Pen Holders Design",177.60,162.80,0.00,0,,,,,,,5,pcs,active,0.05,0.00,0.00,,[]
PENPHFS3370,"Pen Holders 8179",0.00,155.10,0.00,0,,,,,,,5,pcs,active,0.05,0.00,0.00,,"[{""id"":19840,""attribute"":""Green"",""sku"":""PENPHFS3370G"",""cost_price"":0,""price"":169.2,""wholesale_price"":0},{""id"":19839,""attribute"":""White"",""sku"":""PENPHFS3370W"",""cost_price"":0,""price"":169.2,""wholesale_price"":0},{""id"":19838,""attribute"":""Pink"",""sku"":""PENPHFS3370P"",""cost_price"":0,""price"":190,""wholesale_price"":0}]"
PENPHFS3371,"Pen Holders 8189",0.00,155.10,0.00,0,,,,,,,5,pcs,active,0.08,0.00,0.00,,"[{""id"":19837,""attribute"":""Green"",""sku"":""PENPHFS3371G"",""cost_price"":0,""price"":169.2,""wholesale_price"":0},{""id"":19836,""attribute"":""Pink"",""sku"":""PENPHFS3371P"",""cost_price"":0,""price"":169.2,""wholesale_price"":0},{""id"":19835,""attribute"":""Gray"",""sku"":""PENPHFS3371GR"",""cost_price"":0,""price"":190,""wholesale_price"":0}]"
PENPHFS714,"Photo Frame",223.20,204.60,0.00,0,,,,,,,5,pcs,active,0.08,0.00,0.00,,[]
PNCAL,"Alisun 2B Pencil 10Pcs",443.52,406.56,0.00,0,,,,,,,5,pcs,active,0.05,0.00,0.00,,[]
PNCB178,"Brick Pencil 3 In 1",238.80,218.90,0.00,0,,,,,,,5,pcs,active,0.06,0.00,0.00,,[]
PNCB2111,"Brick Pencil Card Qy 17",250.00,220.00,0.00,0,,,,,,,5,pcs,active,0.04,0.00,0.00,,[]
PNCB2210,"Brick Pencil Heart",246.00,225.50,0.00,0,,,,,,,5,pcs,active,0.05,0.00,0.00,,[]
PNCBP,"Black Peps HB Pencils 12Pcs",322.56,295.68,0.00,0,,,,,,,5,pcs,active,0.06,0.00,0.00,,[]
PNCBT,"Black Triangle HB Pencil 12Pcs",315.84,289.52,0.00,0,,,,,,,5,pcs,active,0.09,0.00,0.00,,[]
PNCD8819,"Touch Pencil 8819 (36)",4320.00,3.00,0.00,0,,,,,,,5,pcs,inactive,0.07,0.00,0.00,,[]
PNCDR,"Drawing Pencil Set 12Pcs",460.80,422.40,0.00,0,,,,,,,5,pcs,active,0.07,0.00,0.00,,[]
PNCF,"Fusion HB Pencile 12Pcs",315.84,289.52,0.00,0,,,,,,,5,pcs,active,0.06,0.00,0.00,,[]
PNCG6,"USA Gold Pencil 6Pcs",108.00,99.00,0.00,0,,,,,,,5,pcs,inactive,0.04,0.00,0.00,,[]
PNCGL,"Glory HB Pencil 12Pcs",443.52,406.56,0.00,0,,,,,,,5,pcs,active,0.06,0.00,0.00,,[]
PNCK,"Karbon HB Pencil 12Pcs",362.88,332.64,0.00,0,,,,,,,5,pcs,active,0.07,0.00,0.00,,[]
PNCMB,"Mummas Boy HB Pencile 12Pcs",315.84,289.52,0.00,0,,,,,,,5,pcs,active,0.06,0.00,0.00,,[]
PNCNS506,"Non Sharpening Pencil 506 48Pcs",2736.00,2.00,0.00,0,,,,,,,5,pcs,inactive,0.35,0.00,0.00,,[]
PNCNS510,"Non Sharpening Pencil 510 48Pcs",2736.00,2.00,0.00,0,,,,,,,5,pcs,inactive,0.34,0.00,0.00,,[]
PNCNS7001,"Non Sharpening Pencil 7001 48Pcs",2736.00,2.00,0.00,0,,,,,,,5,pcs,inactive,0.28,0.00,0.00,,[]
PNCV,"Vneed Yellow HB Pencil 12Pcs",270.00,247.50,0.00,0,,,,,,,5,pcs,active,0.08,0.00,0.00,,[]
PNCX1,"X1 HB Pencile 12Pcs",288.96,264.88,0.00,0,,,,,,,5,pcs,active,0.06,0.00,0.00,,[]
PNCYT,"Yellow Trangle Pencil 12Pcs",489.60,448.80,0.00,0,,,,,,,5,pcs,active,0.1,0.00,0.00,,[]
PP8970,"Pencil Purse 8970",888.00,814.00,0.00,0,,,,,,,5,pcs,active,0.1,0.00,0.00,,[]
PPBZ,"Pencil Purse Big Ziper",780.00,715.00,0.00,0,,,,,,,5,pcs,active,0.07,0.00,0.00,,[]
PPPB,"Poster Papers Blue",17.40,15.95,0.00,0,,,,,,,5,pcs,active,0.13,0.00,0.00,,[]
PPPG,"Poster Papers Green",17.40,15.95,0.00,0,,,,,,,5,pcs,active,0.46,0.00,0.00,,[]
PPPP,"Poster Papers Pink",17.40,15.95,0.00,0,,,,,,,5,pcs,active,0.07,0.00,0.00,,[]
PPPW,"Poster Papers White",17.40,15.95,0.00,0,,,,,,,5,pcs,active,0.52,0.00,0.00,,[]
PPPY,"Poster Papers Yellow",17.40,15.95,0.00,0,,,,,,,5,pcs,active,0.36,0.00,0.00,,[]
PPU,"Pencil Purse Unicorn",36.00,33.00,0.00,0,,,,,,,5,pcs,active,0.05,0.00,0.00,,[]
RR8930,"Desighn Ruler 30Cm 8930",85.20,78.10,0.00,0,,,,,,,5,pcs,active,0.05,0.00,0.00,,[]
RRMT,"Mesharing Tape",37.20,34.10,0.00,0,,,,,,,5,pcs,inactive,0.1,0.00,0.00,,[]
RRR,"Rotating Ruuler 15Cm",54.00,49.50,0.00,0,,,,,,,5,pcs,active,0.5,0.00,0.00,,[]
RRW15,"Wooden Ruler 15Cm",30.00,27.50,0.00,0,,,,,,,5,pcs,active,0.04,0.00,0.00,,[]
RRW30,"Wooden Ruler 30Cm",45.60,41.80,0.00,0,,,,,,,5,pcs,inactive,0.02,0.00,0.00,,[]
SHD811,"Double Sharpner 811",104.40,95.70,0.00,0,,,,,,,5,pcs,active,0.26,0.00,0.00,,[]
SS160,"Scissors 160Mm",252.00,231.00,0.00,0,,,,,,,5,pcs,active,0.13,0.00,0.00,,[]
SS190,"Scissors 190Mm",366.00,335.50,0.00,0,,,,,,,5,pcs,active,0.12,0.00,0.00,,[]
SSB508,"Baby Scissor 508B",130.01,119.17,0.00,0,,,,,,,5,pcs,active,0.05,0.00,0.00,,[]
SSCS24,"Scissor Small",81.60,74.80,0.00,0,,,,,,,5,pcs,active,0.13,0.00,0.00,,[]
SSCSK,"Kitchen Scissors 240Mm",408.00,374.00,0.00,0,,,,,,,5,pcs,active,0.12,0.00,0.00,,[]
SSK180,"Scissor Kangaroo 185Mm",972.00,891.00,0.00,0,,,,,,,5,pcs,active,0.18,0.00,0.00,,[]
STC34,"Sticker Card Smile 34",96.00,88.00,0.00,0,,,,,,,5,pcs,active,0.19,0.00,0.00,,[]
STK7676ST,"76X76 Stickey Note Strip",120.00,110.00,0.00,0,,,,,,,5,pcs,active,3.36,0.00,0.00,,[]
STLYQ003,"Sticker Mickey",210.00,192.50,0.00,0,,,,,,,5,pcs,active,0.15,0.00,0.00,,[]
STLYQ004,"Sticker Poo",210.00,192.50,0.00,0,,,,,,,5,pcs,active,0.52,0.00,0.00,,[]
STLYQ005,"Sticker Princess",210.00,192.50,0.00,0,,,,,,,5,pcs,active,0.46,0.00,0.00,,[]
STLYQ006,"Sticker Sofia",210.00,192.50,0.00,0,,,,,,,5,pcs,active,0.22,0.00,0.00,,[]
STLYQ012,"Sticker Ben Ten",210.00,192.50,0.00,0,,,,,,,5,pcs,active,0.11,0.00,0.00,,[]
STLYQ013,"Sticker Tom And Jerry",210.00,192.50,0.00,0,,,,,,,5,pcs,active,0.55,0.00,0.00,,[]
STLYQ017,"Sticker Butterfly",210.00,192.50,0.00,0,,,,,,,5,pcs,active,0.17,0.00,0.00,,[]
STN7676D,"Design Stickey Note 76X76",134.40,123.20,0.00,0,,,,,,,5,pcs,active,3.35,0.00,0.00,,[]
STN7676LU,"76X76 Stickey Note Luminer",108.00,99.00,0.00,0,,,,,,,5,pcs,active,3.89,0.00,0.00,,[]
STN7676MC,"76X76 Stickey Note Multy Colour",117.60,107.80,0.00,0,,,,,,,5,pcs,active,2.81,0.00,0.00,,[]
STN7676SC,"76X76 Stickey Note Yellow",62.40,57.20,0.00,0,,,,,,,5,pcs,inactive,1.6,0.00,0.00,,[]
STNARR,"Sticky Notes Arrow",90.00,82.50,0.00,0,,,,,,,5,pcs,active,0.31,0.00,0.00,,[]
STNBFA,"Sticky Note Card 12Pcs",844.80,774.40,0.00,0,,,,,,,5,pcs,active,0.53,0.00,0.00,,[]
STNBSM,"Stickey Smile 12Pcs",130.80,119.90,0.00,0,,,,,,,5,pcs,inactive,0.81,0.00,0.00,,[]
STNHEART,"Sticky Notes Heart",123.60,113.30,0.00,0,,,,,,,5,pcs,active,0.42,0.00,0.00,,[]
STNSN,"Name Sticker Normal",168.00,154.00,0.00,0,,,,,,,5,pcs,active,0.4,0.00,0.00,,[]
STNSS,"Name Sticker Shine",180.00,165.00,0.00,0,,,,,,,5,pcs,active,0.53,0.00,0.00,,[]
STNTRA,"Sticky Notes Transperant 75*75",200.40,183.70,0.00,0,,,,,,,5,pcs,active,0.61,0.00,0.00,,[]
STPWMDU,"Punch Wall Sticker Medium Duck",132.00,121.00,0.00,0,,,,,,,5,pcs,active,0.33,0.00,0.00,,[]
STPWSPH,"Punch Wall Sticker Small Phoo",72.00,66.00,0.00,0,,,,,,,5,pcs,active,0.17,0.00,0.00,,[]
STRDBXS,"Room Decor Butterfly X Small",204.00,187.00,0.00,0,,,,,,,5,pcs,active,0.52,0.00,0.00,,[]
STSG,"Sticker Sheet A4 Gloss",1320.00,1.00,0.00,0,,,,,,,5,pcs,inactive,0.24,0.00,0.00,,[]
STSM,"Sticker Sheet A4 Mat",1320.00,1.00,0.00,0,,,,,,,5,pcs,inactive,0.31,0.00,0.00,,[]
STST,"Star Sticker Small 10Pcs",124.80,114.40,0.00,0,,,,,,,5,pcs,active,0.36,0.00,0.00,,[]
WB32,"White Board",0.00,0.00,0.00,0,,,,,,,5,pcs,inactive,0.35,0.00,0.00,,[]
WBP15004,"Water Bottle 1500Ml 4 In 1",2016.00,1.00,0.00,0,,,,,,,5,pcs,active,0.51,0.00,0.00,,[]
WBP3345,"Water Bottle (FS33-45)",1014.00,929.50,0.00,0,,,,,,,5,pcs,active,0.26,0.00,0.00,,[]
WBP3351,"Water Bottle (FS33-51)",876.00,803.00,0.00,0,,,,,,,5,pcs,active,0.72,0.00,0.00,,[]
WBP4028,"Water Bottle Plastic (FS40-28)",1197.60,1097.80,0.00,0,,,,,,,5,pcs,active,0.47,0.00,0.00,,[]
WBP4033,"Water Bottle (FS40-33)",954.00,874.50,0.00,0,,,,,,,5,pcs,active,0.43,0.00,0.00,,[]
WBP4054,"Water Bottle 4054",960.00,880.00,0.00,0,,,,,,,5,pcs,active,0.36,0.00,0.00,,[]
WBP6101,"Water Bottle 6101",255.36,234.08,0.00,0,,,,,,,5,pcs,active,0.37,0.00,0.00,,[]
WBPK3308,"Water Bottle Kids 3308",2073.60,1.00,0.00,0,,,,,,,5,pcs,active,0.57,0.00,0.00,,[]
WBPK3309,"Water Bottle Kids 3309 (FS33-09)",2150.40,1.00,0.00,0,,,,,,,5,pcs,active,0.2,0.00,0.00,,[]
WBV8823,"Vacuum Water Bottle 8823 700ML (FS40-14)",2918.40,2.00,0.00,0,,,,,,,5,pcs,active,0.32,0.00,0.00,,[]
WBVF40-17,"Vacuum Water Bottle 500ml (FS40-17)",2088.00,1.00,0.00,0,,,,,,,5,pcs,active,0.56,0.00,0.00,,[]
WBVF4018,"Vacuum Water Bottle 350Ml (4018)",2304.00,2.00,0.00,0,,,,,,,5,pcs,active,0.53,0.00,0.00,,[]
WBVF40-21,"Vaccum Water Bottle 650ml (FS40-21)",2304.00,2.00,0.00,0,,,,,,,5,pcs,active,0.46,0.00,0.00,,[]
WBVF40-36,"Vacuum Water Bottle 800ml (FS40-36)",3024.00,2.00,0.00,0,,,,,,,5,pcs,active,0.51,0.00,0.00,,[]
WBVF40-5,"Vaccum Water Bottle (FS40-5) 500Ml",1872.00,1.00,0.00,0,,,,,,,5,pcs,active,0.58,0.00,0.00,,[]
WBVF40-51,"Vacuum Water Bottle 800ml (FS40-51)",2400.00,2.00,0.00,0,,,,,,,5,pcs,active,0.31,0.00,0.00,,[]
WBVF40-8,"Vacuum Water Bottle 800ml (FS40-8)",2016.00,1.00,0.00,0,,,,,,,5,pcs,active,0.46,0.00,0.00,,[]
WBVF40-9,"Vacuum Water Bottle 1000ml (FS40-9)",2232.00,2.00,0.00,0,,,,,,,5,pcs,active,0.29,0.00,0.00,,[]
Z124,"Art Brush",135.00,110.00,0.00,0,,,,,,,5,pcs,active,0.04,0.00,0.00,,[]
APPAS36,"Pastal Pentium 36Pcs",566.40,519.20,0.00,0,,,,,,,5,pcs,active,,0.00,0.00,,[]
PENSMA,"Supra Play Smart Pen 10pcs",930.00,852.50,0.00,0,,,,,,,5,pcs,inactive,,0.00,0.00,,[]
PENBGB,"Supra B&G Blue Pen 10pcs",930.00,852.50,0.00,0,,,,,,,5,pcs,inactive,,0.00,0.00,,[]
PENBGW,"Supra B&G White Pen 10pcs",930.00,852.50,0.00,0,,,,,,,5,pcs,inactive,,0.00,0.00,,[]
PENMYXB,"Supra MYX Pen 10pcs",900.00,825.00,0.00,0,,,,,,,5,pcs,inactive,,0.00,0.00,,[]
HLCL5,"Cluch Highlighter",2304.00,2.00,0.00,0,,,,,,,5,pcs,inactive,,0.00,0.00,,[]
APWCPL,"Water Colour Palette Set DY-1",354.00,324.50,0.00,0,,,,,,,5,pcs,inactive,,0.00,0.00,,[]
WBV2051,"Vacuum Water Bottle 2051",1848.00,1.00,0.00,0,,,,,,,5,pcs,active,0.4,0.00,0.00,,[]
WBN0290,"Water Bottle (N0290)",1120.00,913.00,0.00,0,,,,,,,5,pcs,active,,0.00,0.00,,[]
WBN0011,"Water Bottle N0011",996.00,913.00,0.00,0,,,,,,,5,pcs,active,,0.00,0.00,,[]
WBVF4050,"Vacuum Water Bottle 1000ml (FS40-50)",2865.00,2333.10,0.00,0,,,,,,,5,pcs,active,,0.00,0.00,,[]
WBV530,"Vacuum Water Bottle WBV530",1500.00,1.00,0.00,0,,,,,,,5,pcs,active,0.4,0.00,0.00,,[]
WBV10-320,"Vacuum Water Bottle 1000ml (10-320)",2115.00,1721.50,0.00,0,,,,,,,5,pcs,active,0.4,0.00,0.00,,[]
WBN0866,"Plastic Water Bottle 600ML (N0866)",0.00,0.00,0.00,0,,,,,,,5,pcs,active,0.4,0.00,0.00,,"[{""id"":18890,""attribute"":""Orange"",""sku"":""WBN0866O"",""cost_price"":0,""price"":1120,""wholesale_price"":0},{""id"":18889,""attribute"":""Blue"",""sku"":""WBN0866B"",""cost_price"":0,""price"":1120,""wholesale_price"":0}]"
WBV1121,"Vacuum Water Bottle 500ml (11-21)",1110.00,902.00,0.00,0,,,,,,,5,pcs,active,0.2,0.00,0.00,,[]
WBV577,"Vacuum Water Bottle 750ml (5-77)",2025.00,1650.00,0.00,0,,,,,,,5,pcs,active,0.4,0.00,0.00,,[]
WBN0555,"Water Bottle N0555",1120.00,914.10,0.00,0,,,,,,,5,pcs,active,0.2,0.00,0.00,,[]
WBV11-168,"Vacuum Water Bottle 800ml (11-168)",1945.00,1584.00,0.00,0,,,,,,,5,pcs,active,0.4,0.00,0.00,,[]
WBLEURO,"Water Bottle Euro 600ML",440.00,357.50,0.00,0,,,,,,,5,pcs,inactive,0.2,0.00,0.00,,[]
WBVSH126,"Vacuum Water Bottle 500ml (SH-126)",2255.00,1837.00,0.00,0,,,,,,,5,pcs,active,0.4,0.00,0.00,,[]
WBS1000880,"Steel Water Bottle (880) 1000ML",816.00,748.00,0.00,0,,,,,,,5,pcs,active,0.4,0.00,0.00,,[]
WBVF40-48,"Vacuum Water Bottle 800ml (FS40-48)",0.00,0.00,0.00,0,,,,,,,5,pcs,active,0.4,0.00,0.00,,"[{""id"":18941,""attribute"":""Gold"",""sku"":""WBVF40-48G"",""cost_price"":0,""price"":2150,""wholesale_price"":0},{""id"":18940,""attribute"":""Blue"",""sku"":""WBVF40-48B"",""cost_price"":0,""price"":2150,""wholesale_price"":0}]"
WBS1000780,"Steel Water Bottle (780) 1000ML",816.00,748.00,0.00,0,,,,,,,5,pcs,active,0.4,0.00,0.00,,[]
WBS10001180,"Steel Water Bottle (1180) 1000ML",816.00,748.00,0.00,0,,,,,,,5,pcs,active,0.4,0.00,0.00,,[]
WBN5024,"Water Bottle N05024",1120.00,913.00,0.00,0,,,,,,,5,pcs,active,0.2,0.00,0.00,,[]
WBS750-6140,"Steel Water Bottle 6140 750ML",780.00,715.00,0.00,0,,,,,,,5,pcs,active,0.2,0.00,0.00,,[]
WBN6194,"Water Bottle Plastic N6194",996.00,913.00,0.00,0,,,,,,,5,pcs,active,0.2,0.00,0.00,,[]
WBVSH128,"Vacuum Water Bottle (SH-128) 500ML",1794.00,1.00,0.00,0,,,,,,,5,pcs,active,0.4,0.00,0.00,,[]
ACOSV,"Compass Single Vneeds",342.00,313.50,0.00,0,,,,,,,5,pcs,active,,0.00,0.00,,[]
ACOS,"Compass Single 6900",132.00,121.00,0.00,0,,,,,,,5,pcs,active,,0.00,0.00,,[]
RB,"Rubber Band 1Kg",0.00,0.00,0.00,0,,,,,,,5,pcs,active,1,0.00,0.00,,"[{""id"":19218,""attribute"":""3 Inch"",""sku"":""RB3"",""cost_price"":0,""price"":1518,""wholesale_price"":0},{""id"":19217,""attribute"":""2 Inch"",""sku"":""RB2"",""cost_price"":0,""price"":1518,""wholesale_price"":0},{""id"":19216,""attribute"":""1\/2 Inch"",""sku"":""RB12"",""cost_price"":0,""price"":1518,""wholesale_price"":0},{""id"":19215,""attribute"":""1 Inch"",""sku"":""RB1"",""cost_price"":0,""price"":1518,""wholesale_price"":0},{""id"":19214,""attribute"":""1 &amp; 1\/2 Inch"",""sku"":""RB"",""cost_price"":0,""price"":1518,""wholesale_price"":0}]"
PVP,"Varnish Paper",0.00,0.00,0.00,0,,,,,,,5,pcs,active,,0.00,0.00,,"[{""id"":19236,""attribute"":""Yellow"",""sku"":""PVPY"",""cost_price"":0,""price"":18,""wholesale_price"":0},{""id"":19235,""attribute"":""Red"",""sku"":""PVP"",""cost_price"":0,""price"":18,""wholesale_price"":0},{""id"":19234,""attribute"":""Purple"",""sku"":""PVPPU"",""cost_price"":0,""price"":18,""wholesale_price"":0},{""id"":19233,""attribute"":""Orange"",""sku"":""PVPO"",""cost_price"":0,""price"":18,""wholesale_price"":0},{""id"":19232,""attribute"":""Magenta"",""sku"":""PVPM"",""cost_price"":0,""price"":18,""wholesale_price"":0},{""id"":19231,""attribute"":""Light Blue"",""sku"":""PVPLB"",""cost_price"":0,""price"":18,""wholesale_price"":0},{""id"":19230,""attribute"":""Green"",""sku"":""PVPG"",""cost_price"":0,""price"":18,""wholesale_price"":0},{""id"":19229,""attribute"":""Pink"",""sku"":""PVPP"",""cost_price"":0,""price"":18,""wholesale_price"":0},{""id"":19228,""attribute"":""Blue"",""sku"":""PVPB"",""cost_price"":0,""price"":18,""wholesale_price"":0},{""id"":19227,""attribute"":""Black"",""sku"":""PVPBL"",""cost_price"":0,""price"":18,""wholesale_price"":0}]"
BOBRB,"Rainbow Mesh Bag",0.00,0.00,0.00,0,,,,,,,5,pcs,active,,0.00,0.00,,"[{""id"":19279,""attribute"":""B4, Yellow"",""sku"":""BOBRBB4Y"",""cost_price"":0,""price"":198,""wholesale_price"":0},{""id"":19278,""attribute"":""B4, Red"",""sku"":""BOBRBB4R"",""cost_price"":0,""price"":198,""wholesale_price"":0},{""id"":19277,""attribute"":""B4, Purple"",""sku"":""BOBRBB4P"",""cost_price"":0,""price"":198,""wholesale_price"":0},{""id"":19276,""attribute"":""B4, Green"",""sku"":""BOBRBB4G"",""cost_price"":0,""price"":198,""wholesale_price"":0},{""id"":19275,""attribute"":""B4, Blue"",""sku"":""BOBRBB4BL"",""cost_price"":0,""price"":198,""wholesale_price"":0},{""id"":19274,""attribute"":""B4, Black"",""sku"":""BOBRBB4"",""cost_price"":0,""price"":198,""wholesale_price"":0},{""id"":19273,""attribute"":""A6, Yellow"",""sku"":""BOBRBA6Y"",""cost_price"":0,""price"":84,""wholesale_price"":0},{""id"":19272,""attribute"":""A6, Red"",""sku"":""BOBRBA6R"",""cost_price"":0,""price"":84,""wholesale_price"":0},{""id"":19271,""attribute"":""A6, Purple"",""sku"":""BOBRBA6P"",""cost_price"":0,""price"":84,""wholesale_price"":0},{""id"":19270,""attribute"":""A6, Green"",""sku"":""BOBRBA6G"",""cost_price"":0,""price"":84,""wholesale_price"":0},{""id"":19269,""attribute"":""A6, Blue"",""sku"":""BOBRBA6BL"",""cost_price"":0,""price"":95,""wholesale_price"":0},{""id"":19268,""attribute"":""A6, Black"",""sku"":""BOBRBA6"",""cost_price"":0,""price"":84,""wholesale_price"":0},{""id"":19267,""attribute"":""A5, Yellow"",""sku"":""BOBRBA5Y"",""cost_price"":0,""price"":108,""wholesale_price"":0},{""id"":19266,""attribute"":""A5, Red"",""sku"":""BOBRBA5R"",""cost_price"":0,""price"":108,""wholesale_price"":0},{""id"":19265,""attribute"":""A5, Purple"",""sku"":""BOBRBA5P"",""cost_price"":0,""price"":108,""wholesale_price"":0},{""id"":19264,""attribute"":""A5, Green"",""sku"":""BOBRBA5G"",""cost_price"":0,""price"":108,""wholesale_price"":0},{""id"":19263,""attribute"":""A5, Blue"",""sku"":""BOBRBA5BL"",""cost_price"":0,""price"":108,""wholesale_price"":0},{""id"":19262,""attribute"":""A5, Black"",""sku"":""BOBRBA5"",""cost_price"":0,""price"":108,""wholesale_price"":0},{""id"":19261,""attribute"":""A4, Yellow"",""sku"":""BOBRA4Y"",""cost_price"":0,""price"":162,""wholesale_price"":0},{""id"":19260,""attribute"":""A4, Red"",""sku"":""BOBRA4R"",""cost_price"":0,""price"":162,""wholesale_price"":0},{""id"":19259,""attribute"":""A4, Purple"",""sku"":""BOBRA4P"",""cost_price"":0,""price"":162,""wholesale_price"":0},{""id"":19258,""attribute"":""A4, Green"",""sku"":""BOBRA4G"",""cost_price"":0,""price"":162,""wholesale_price"":0},{""id"":19257,""attribute"":""A4, Blue"",""sku"":""BOBRA4BL"",""cost_price"":0,""price"":162,""wholesale_price"":0},{""id"":19256,""attribute"":""A4, Black"",""sku"":""BOBRA4"",""cost_price"":0,""price"":162,""wholesale_price"":0},{""id"":19255,""attribute"":""A3, Yellow"",""sku"":""BOBRBA3Y"",""cost_price"":0,""price"":222,""wholesale_price"":0},{""id"":19254,""attribute"":""A3, Red"",""sku"":""BOBRBA3R"",""cost_price"":0,""price"":222,""wholesale_price"":0},{""id"":19253,""attribute"":""A3, Purple"",""sku"":""BOBRBA3P"",""cost_price"":0,""price"":222,""wholesale_price"":0},{""id"":19252,""attribute"":""A3, Green"",""sku"":""BOBRBA3G"",""cost_price"":0,""price"":222,""wholesale_price"":0},{""id"":19251,""attribute"":""A3, Blue"",""sku"":""BOBRBA3BL"",""cost_price"":0,""price"":222,""wholesale_price"":0},{""id"":19250,""attribute"":""A3, Black"",""sku"":""BOBRBA3"",""cost_price"":0,""price"":222,""wholesale_price"":0}]"
CTT,"Tane Tape",0.00,0.00,0.00,0,,,,,,,5,pcs,active,,0.00,0.00,,"[{""id"":19287,""attribute"":""48mm * 50mt"",""sku"":""CTT4850"",""cost_price"":0,""price"":149.69,""wholesale_price"":0},{""id"":19286,""attribute"":""48mm * 25mt"",""sku"":""CTT4825"",""cost_price"":0,""price"":76.67,""wholesale_price"":0},{""id"":19285,""attribute"":""48mm * 100mt"",""sku"":""CTT48100"",""cost_price"":0,""price"":225,""wholesale_price"":0}]"
CT,"Cello Tape",0.00,0.00,0.00,0,,,,,,,5,pcs,active,,0.00,0.00,,"[{""id"":19297,""attribute"":""Jumbo"",""sku"":""CT48300"",""cost_price"":0,""price"":540,""wholesale_price"":0},{""id"":19296,""attribute"":""48mm * 200mt"",""sku"":""CT48200"",""cost_price"":0,""price"":720,""wholesale_price"":0},{""id"":19295,""attribute"":""48mm * 50mt"",""sku"":""CT4850"",""cost_price"":0,""price"":168,""wholesale_price"":0},{""id"":19294,""attribute"":""48mm * 25mt"",""sku"":""CT4825"",""cost_price"":0,""price"":78,""wholesale_price"":0},{""id"":19293,""attribute"":""48mm * 100mt"",""sku"":""CT48100"",""cost_price"":0,""price"":300,""wholesale_price"":0},{""id"":19292,""attribute"":""25mm * 50mt"",""sku"":""CT2550"",""cost_price"":0,""price"":71.44,""wholesale_price"":0},{""id"":19291,""attribute"":""25mm * 25mt"",""sku"":""CT2525"",""cost_price"":0,""price"":39.32,""wholesale_price"":0},{""id"":19290,""attribute"":""25mm * 100mt"",""sku"":""CT25100"",""cost_price"":0,""price"":133.32,""wholesale_price"":0}]"
CTET,"Easy Tear Tape 12 PCS",0.00,0.00,0.00,0,,,,,,,5,pcs,inactive,,0.00,0.00,,"[{""id"":19302,""attribute"":""4\/3mm x 30 mt"",""sku"":""CTET4330"",""cost_price"":0,""price"":276,""wholesale_price"":0},{""id"":19301,""attribute"":""1\/2mm x 30 mt"",""sku"":""CTET1230"",""cost_price"":0,""price"":240,""wholesale_price"":0},{""id"":19300,""attribute"":""1\/2mm x 20 mt"",""sku"":""CTET1220"",""cost_price"":0,""price"":198,""wholesale_price"":0}]"
CTMT,"Masking Tape",0.00,0.00,0.00,0,,,,,,,5,pcs,active,,0.00,0.00,,"[{""id"":19306,""attribute"":""48mm * 20mt"",""sku"":""CTMT4820"",""cost_price"":0,""price"":202.5,""wholesale_price"":0},{""id"":19305,""attribute"":""25mm * 20mt"",""sku"":""CTMT2520"",""cost_price"":0,""price"":105,""wholesale_price"":0}]"
CTNA,"Nano Tape",0.00,0.00,0.00,0,,,,,,,5,pcs,active,,0.00,0.00,,"[{""id"":19310,""attribute"":""25mm * 3mt"",""sku"":""CTNA25101"",""cost_price"":0,""price"":537.6,""wholesale_price"":0},{""id"":19309,""attribute"":""25mm * 1mt"",""sku"":""CTNA2525"",""cost_price"":0,""price"":444.26,""wholesale_price"":0}]"
CTBTGR,"Binding Tape",0.00,0.00,0.00,0,,,,,,,5,pcs,active,,0.00,0.00,,"[{""id"":19328,""attribute"":""48mm * 20mt, Yellow"",""sku"":""CTBTGR"",""cost_price"":0,""price"":246,""wholesale_price"":0},{""id"":19327,""attribute"":""48mm * 20mt, Red"",""sku"":""CTBTGR"",""cost_price"":0,""price"":246,""wholesale_price"":0},{""id"":19326,""attribute"":""48mm * 20mt, Orange"",""sku"":""CTBTGR"",""cost_price"":0,""price"":246,""wholesale_price"":0},{""id"":19325,""attribute"":""48mm * 20mt, Green"",""sku"":""CTBTGR4820"",""cost_price"":0,""price"":246,""wholesale_price"":0},{""id"":19324,""attribute"":""48mm * 20mt, Silver"",""sku"":""CTBTGR"",""cost_price"":0,""price"":246,""wholesale_price"":0},{""id"":19323,""attribute"":""48mm * 20mt, Pink"",""sku"":""CTBTGR"",""cost_price"":0,""price"":246,""wholesale_price"":0},{""id"":19322,""attribute"":""48mm * 20mt, Blue"",""sku"":""CTBTGR"",""cost_price"":0,""price"":246,""wholesale_price"":0},{""id"":19321,""attribute"":""48mm * 20mt, Black"",""sku"":""CTBTGR"",""cost_price"":0,""price"":168,""wholesale_price"":0},{""id"":19320,""attribute"":""25mm * 20mt, Yellow"",""sku"":""CTBTGR"",""cost_price"":0,""price"":168,""wholesale_price"":0},{""id"":19319,""attribute"":""25mm * 20mt, Red"",""sku"":""CTBTGR"",""cost_price"":0,""price"":168,""wholesale_price"":0},{""id"":19317,""attribute"":""25mm * 20mt, Green"",""sku"":""CTBTGR"",""cost_price"":0,""price"":168,""wholesale_price"":0},{""id"":19316,""attribute"":""25mm * 20mt, Silver"",""sku"":""CTBTB2520B"",""cost_price"":0,""price"":168,""wholesale_price"":0},{""id"":19314,""attribute"":""25mm * 20mt, Blue"",""sku"":""CTBT2520B"",""cost_price"":0,""price"":168,""wholesale_price"":0},{""id"":19313,""attribute"":""25mm * 20mt, Black"",""sku"":""CTBTB2520BL"",""cost_price"":0,""price"":168,""wholesale_price"":0}]"
CTD,"Double Tape",0.00,0.00,0.00,0,,,,,,,5,pcs,active,,0.00,0.00,,"[{""id"":19334,""attribute"":""48mm * 10mt"",""sku"":""CTD4810"",""cost_price"":0,""price"":202.8,""wholesale_price"":0},{""id"":19333,""attribute"":""25mm * 20mt"",""sku"":""CTD2510"",""cost_price"":0,""price"":128.4,""wholesale_price"":0},{""id"":19332,""attribute"":""12mm * 10mt"",""sku"":""CTD1210"",""cost_price"":0,""price"":54,""wholesale_price"":0}]"
EV,"Envelope Manila",0.00,0.00,0.00,0,,,,,,,5,pcs,active,,0.00,0.00,,"[{""id"":19347,""attribute"":""9 1\/2 * 4 1\/2"",""sku"":""EV9494"",""cost_price"":0,""price"":3.48,""wholesale_price"":0},{""id"":19346,""attribute"":""9 * 4"",""sku"":""EV94"",""cost_price"":0,""price"":3.3,""wholesale_price"":0},{""id"":19345,""attribute"":""3 1\/2 * 6"",""sku"":""EV36"",""cost_price"":0,""price"":1.44,""wholesale_price"":0},{""id"":19344,""attribute"":""16 * 12"",""sku"":""EV1612"",""cost_price"":0,""price"":15.6,""wholesale_price"":0},{""id"":19343,""attribute"":""15 * 10"",""sku"":""EV1510"",""cost_price"":0,""price"":15.6,""wholesale_price"":0},{""id"":19342,""attribute"":""12 * 10"",""sku"":""EV1210"",""cost_price"":0,""price"":9.84,""wholesale_price"":0},{""id"":19341,""attribute"":""10 * 8"",""sku"":""EV108"",""cost_price"":0,""price"":9.46,""wholesale_price"":0},{""id"":19340,""attribute"":""10 * 7"",""sku"":""EV107"",""cost_price"":0,""price"":5.46,""wholesale_price"":0}]"
PCP,"JK Copy Paper",0.00,0.00,0.00,0,,,,,,,5,pcs,active,,0.00,0.00,,"[{""id"":19369,""attribute"":""80 GSM, Legal"",""sku"":""PCPL80"",""cost_price"":0,""price"":2214,""wholesale_price"":0},{""id"":19367,""attribute"":""75 GSM, Legal"",""sku"":""PCPL75"",""cost_price"":0,""price"":1992,""wholesale_price"":0}]"
PCPA4KI,"King Copy Paper A4",0.00,0.00,0.00,0,,,,,,,5,pcs,active,,0.00,0.00,,"[{""id"":19373,""attribute"":""80 GSM"",""sku"":""PCPA4KI80"",""cost_price"":0,""price"":1308,""wholesale_price"":0},{""id"":19372,""attribute"":""70 GSM"",""sku"":""PCPA4KI70"",""cost_price"":0,""price"":1110,""wholesale_price"":0}]"
STNLI,"Sticky Note Liner",0.00,0.00,0.00,0,,,,,,,5,pcs,active,,0.00,0.00,,"[{""id"":19393,""attribute"":""76*76"",""sku"":""STN7676LI"",""cost_price"":0,""price"":146.4,""wholesale_price"":0},{""id"":19392,""attribute"":""76*51"",""sku"":""STN7651LI"",""cost_price"":0,""price"":130.8,""wholesale_price"":0},{""id"":19391,""attribute"":""76*127"",""sku"":""STN76127LI"",""cost_price"":0,""price"":246,""wholesale_price"":0},{""id"":19390,""attribute"":""76*101"",""sku"":""STN76101LI"",""cost_price"":0,""price"":192,""wholesale_price"":0},{""id"":19389,""attribute"":""160*220"",""sku"":""STN160220LI"",""cost_price"":0,""price"":921.6,""wholesale_price"":0},{""id"":19388,""attribute"":""120*190"",""sku"":""STN120190LI"",""cost_price"":0,""price"":614.4,""wholesale_price"":0},{""id"":19387,""attribute"":""101*152"",""sku"":""STN101152LI"",""cost_price"":0,""price"":430.8,""wholesale_price"":0}]"
STNMC,"Sticky Notes Multi Color",0.00,0.00,0.00,0,,,,,,,5,pcs,active,,0.00,0.00,,"[{""id"":20185,""attribute"":""76*76"",""sku"":""STNMC"",""cost_price"":0,""price"":135,""wholesale_price"":0},{""id"":19402,""attribute"":""76*51"",""sku"":""STN7651MC"",""cost_price"":0,""price"":105.6,""wholesale_price"":0},{""id"":19401,""attribute"":""76*127"",""sku"":""STN76127MC"",""cost_price"":0,""price"":216,""wholesale_price"":0},{""id"":19400,""attribute"":""76*101"",""sku"":""STN76101MC"",""cost_price"":0,""price"":177.6,""wholesale_price"":0},{""id"":19399,""attribute"":""160*220"",""sku"":""STN160220MC"",""cost_price"":0,""price"":830.4,""wholesale_price"":0},{""id"":19398,""attribute"":""120*190"",""sku"":""STN120190MC"",""cost_price"":0,""price"":534,""wholesale_price"":0},{""id"":19397,""attribute"":""101*152"",""sku"":""STN101152MC"",""cost_price"":0,""price"":384,""wholesale_price"":0}]"
WBM,"White Board Marker",0.00,0.00,0.00,0,,,,,,,5,pcs,active,,0.00,0.00,,"[{""id"":19408,""attribute"":""Red"",""sku"":""MWGR"",""cost_price"":0,""price"":108,""wholesale_price"":0},{""id"":19407,""attribute"":""Green"",""sku"":""MWGG"",""cost_price"":0,""price"":108,""wholesale_price"":0},{""id"":19406,""attribute"":""Blue"",""sku"":""MWGB"",""cost_price"":0,""price"":108,""wholesale_price"":0},{""id"":19405,""attribute"":""Black"",""sku"":""MWGBL"",""cost_price"":0,""price"":108,""wholesale_price"":0}]"
MPMG,"Permanent Marker",0.00,0.00,0.00,0,,,,,,,5,pcs,active,,0.00,0.00,,"[{""id"":19414,""attribute"":""Red"",""sku"":""MPMGR"",""cost_price"":0,""price"":108,""wholesale_price"":0},{""id"":19413,""attribute"":""Green"",""sku"":""MPCG"",""cost_price"":0,""price"":108,""wholesale_price"":0},{""id"":19412,""attribute"":""Blue"",""sku"":""MPMGB"",""cost_price"":0,""price"":108,""wholesale_price"":0},{""id"":19411,""attribute"":""Black"",""sku"":""MPMGBL"",""cost_price"":0,""price"":108,""wholesale_price"":0}]"
MCDG,"Gxin CD Marker",0.00,0.00,0.00,0,,,,,,,5,pcs,active,,0.00,0.00,,"[{""id"":19421,""attribute"":""Red"",""sku"":""MCDGR"",""cost_price"":0,""price"":96,""wholesale_price"":0},{""id"":19420,""attribute"":""Green"",""sku"":""MCDGG"",""cost_price"":0,""price"":96,""wholesale_price"":0},{""id"":19419,""attribute"":""Blue"",""sku"":""MCDGB"",""cost_price"":0,""price"":96,""wholesale_price"":0},{""id"":19418,""attribute"":""Black"",""sku"":""MCDGBL"",""cost_price"":0,""price"":96,""wholesale_price"":0}]"
MCD,"Cello CD Marker",0.00,0.00,0.00,0,,,,,,,5,pcs,active,,0.00,0.00,,"[{""id"":19426,""attribute"":""Red"",""sku"":""MCD"",""cost_price"":0,""price"":90,""wholesale_price"":0},{""id"":19425,""attribute"":""Blue"",""sku"":""MCD"",""cost_price"":0,""price"":90,""wholesale_price"":0},{""id"":19424,""attribute"":""Black"",""sku"":""MCDBL"",""cost_price"":0,""price"":90,""wholesale_price"":0}]"
STA4,"Sticker A4",0.00,0.00,0.00,0,,,,,,,5,pcs,active,,0.00,0.00,,"[{""id"":20154,""attribute"":""Fiona"",""sku"":""STA4FI"",""cost_price"":0,""price"":26.4,""wholesale_price"":0},{""id"":20153,""attribute"":""Poo"",""sku"":""STA4POO"",""cost_price"":0,""price"":26.4,""wholesale_price"":0},{""id"":20152,""attribute"":""Plane"",""sku"":""STA4PL"",""cost_price"":0,""price"":26.4,""wholesale_price"":0},{""id"":20151,""attribute"":""Cars"",""sku"":""STA4CA"",""cost_price"":0,""price"":26.4,""wholesale_price"":0},{""id"":19436,""attribute"":""Tom &amp; Jerry"",""sku"":""STA4TAJ"",""cost_price"":0,""price"":26.4,""wholesale_price"":0},{""id"":19435,""attribute"":""Spider Man"",""sku"":""STA4SM"",""cost_price"":0,""price"":26.4,""wholesale_price"":0},{""id"":19434,""attribute"":""Smile"",""sku"":""STA4S"",""cost_price"":0,""price"":26.4,""wholesale_price"":0},{""id"":19433,""attribute"":""Princess"",""sku"":""STA4P"",""cost_price"":0,""price"":26.4,""wholesale_price"":0},{""id"":19432,""attribute"":""Flowers"",""sku"":""STA4F"",""cost_price"":0,""price"":26.4,""wholesale_price"":0},{""id"":19431,""attribute"":""Dora"",""sku"":""STA4D"",""cost_price"":0,""price"":26.4,""wholesale_price"":0},{""id"":19430,""attribute"":""Butterfly"",""sku"":""STA4BF"",""cost_price"":0,""price"":26.4,""wholesale_price"":0},{""id"":19429,""attribute"":""Ben 10"",""sku"":""STA4BT"",""cost_price"":0,""price"":26.4,""wholesale_price"":0}]"
FMH,"Magazine Holder",0.00,0.00,0.00,0,,,,,,,5,pcs,active,,0.00,0.00,,"[{""id"":19453,""attribute"":""Yellow, 3 Inch"",""sku"":""FMH3YY"",""cost_price"":0,""price"":390,""wholesale_price"":0},{""id"":19450,""attribute"":""Red, 3 Inch"",""sku"":""FMH4Y"",""cost_price"":0,""price"":414,""wholesale_price"":0},{""id"":19449,""attribute"":""Black, 6 Inch"",""sku"":""FMH6RBL"",""cost_price"":0,""price"":502.5,""wholesale_price"":0},{""id"":19447,""attribute"":""Green, 3 Inch"",""sku"":""FMH3YG"",""cost_price"":0,""price"":390,""wholesale_price"":0},{""id"":19446,""attribute"":""Blue, 6 Inch"",""sku"":""FMH6Y"",""cost_price"":0,""price"":502.5,""wholesale_price"":0},{""id"":19445,""attribute"":""Blue, 4 Inch"",""sku"":""FMH4YB"",""cost_price"":0,""price"":414,""wholesale_price"":0},{""id"":19443,""attribute"":""Light Blue, 6 Inch"",""sku"":""FMH6RLB"",""cost_price"":0,""price"":502.5,""wholesale_price"":0},{""id"":19442,""attribute"":""Black, 4 Inch"",""sku"":""FMH4YBL"",""cost_price"":0,""price"":414,""wholesale_price"":0},{""id"":19441,""attribute"":""Black, 3 Inch"",""sku"":""FMH3R"",""cost_price"":0,""price"":390,""wholesale_price"":0}]"
FBS,"Business File",0.00,0.00,0.00,0,,,,,,,5,pcs,active,,0.00,0.00,,"[{""id"":19470,""attribute"":""FC, Green"",""sku"":""FBS"",""cost_price"":0,""price"":90,""wholesale_price"":0},{""id"":19469,""attribute"":""FC, White"",""sku"":""FBS"",""cost_price"":0,""price"":90,""wholesale_price"":0},{""id"":19468,""attribute"":""FC, Pink"",""sku"":""FBSFCPI"",""cost_price"":0,""price"":90,""wholesale_price"":0},{""id"":19467,""attribute"":""FC, Gray"",""sku"":""FBS"",""cost_price"":0,""price"":90,""wholesale_price"":0},{""id"":19466,""attribute"":""FC, Blue"",""sku"":""FBS"",""cost_price"":0,""price"":90,""wholesale_price"":0},{""id"":19465,""attribute"":""A4, Yellow"",""sku"":""FBS"",""cost_price"":0,""price"":67.5,""wholesale_price"":0},{""id"":19464,""attribute"":""A4, Red"",""sku"":""FBS"",""cost_price"":0,""price"":67.5,""wholesale_price"":0},{""id"":19463,""attribute"":""A4, Green"",""sku"":""FBS"",""cost_price"":0,""price"":67.5,""wholesale_price"":0},{""id"":19462,""attribute"":""A4, White"",""sku"":""FBSFCORW"",""cost_price"":0,""price"":67.5,""wholesale_price"":0},{""id"":19459,""attribute"":""A4, Blue"",""sku"":""FBSFCORB"",""cost_price"":0,""price"":67.5,""wholesale_price"":0}]"
OSCPBC,"Bulldog Clip 6 PCS",0.00,0.00,0.00,0,,,,,,,5,pcs,active,,0.00,0.00,,"[{""id"":19486,""attribute"":""63 MM"",""sku"":""OFBC63"",""cost_price"":0,""price"":81.6,""wholesale_price"":0},{""id"":19485,""attribute"":""50 MM"",""sku"":""OFBC50"",""cost_price"":0,""price"":66,""wholesale_price"":0},{""id"":19484,""attribute"":""31 MM"",""sku"":""OFBC31"",""cost_price"":0,""price"":30,""wholesale_price"":0}]"
FBF,"Box File 3 Inch",0.00,0.00,0.00,0,,,,,,,5,pcs,active,,0.00,0.00,,"[{""id"":19751,""attribute"":""Yellow"",""sku"":""FBF"",""cost_price"":0,""price"":523.2,""wholesale_price"":0},{""id"":19750,""attribute"":""Red"",""sku"":""FBF"",""cost_price"":0,""price"":523.2,""wholesale_price"":0},{""id"":19749,""attribute"":""Green"",""sku"":""FBFG"",""cost_price"":0,""price"":523.2,""wholesale_price"":0},{""id"":19748,""attribute"":""Blue"",""sku"":""FBF"",""cost_price"":0,""price"":523.2,""wholesale_price"":0},{""id"":19747,""attribute"":""Black"",""sku"":""FBF"",""cost_price"":0,""price"":523.2,""wholesale_price"":0}]"
FOFS,"File Separator",0.00,0.00,0.00,0,,,,,,,5,pcs,active,,0.00,0.00,,"[{""id"":19757,""attribute"":""1 TO 12"",""sku"":""FOFS12"",""cost_price"":0,""price"":237,""wholesale_price"":0},{""id"":19756,""attribute"":""1 TO 10"",""sku"":""FOFS10"",""cost_price"":0,""price"":207,""wholesale_price"":0}]"
PR,"Plastic Ruller",0.00,0.00,0.00,0,,,,,,,5,pcs,active,,0.00,0.00,,"[{""id"":19767,""attribute"":""30 CM"",""sku"":""RR30"",""cost_price"":0,""price"":672.31,""wholesale_price"":0},{""id"":19766,""attribute"":""15 CM"",""sku"":""RR15"",""cost_price"":0,""price"":320.95,""wholesale_price"":0}]"
GLBG,"Binder Gum",0.00,0.00,0.00,0,,,,,,,5,pcs,active,,0.00,0.00,,"[{""id"":19776,""attribute"":""500 ML"",""sku"":""GLBG500"",""cost_price"":0,""price"":165.6,""wholesale_price"":0},{""id"":19775,""attribute"":""50 ML"",""sku"":""GLBG"",""cost_price"":0,""price"":75,""wholesale_price"":0},{""id"":19774,""attribute"":""4 L"",""sku"":""GLBG4L"",""cost_price"":0,""price"":1500,""wholesale_price"":0},{""id"":19773,""attribute"":""25 L"",""sku"":""GLBG25L"",""cost_price"":0,""price"":11850,""wholesale_price"":0},{""id"":19772,""attribute"":""200 ML"",""sku"":""GLBG200"",""cost_price"":0,""price"":105.6,""wholesale_price"":0},{""id"":19771,""attribute"":""100 ML"",""sku"":""GLBG"",""cost_price"":0,""price"":0,""wholesale_price"":0},{""id"":19770,""attribute"":""1 L"",""sku"":""GLBG1000"",""cost_price"":0,""price"":345.6,""wholesale_price"":0}]"
KLPCS,"Painting Card With Sand",0.00,0.00,0.00,0,,,,,,,5,pcs,active,,0.00,0.00,,"[{""id"":19780,""attribute"":""Small"",""sku"":""KLPCSS"",""cost_price"":0,""price"":90,""wholesale_price"":0},{""id"":19779,""attribute"":""Large"",""sku"":""KLPCSL"",""cost_price"":0,""price"":120,""wholesale_price"":0}]"
BOBB1316,"Birthday Foil Banner",336.00,308.00,0.00,0,,,,,,,5,pcs,active,,0.00,0.00,,[]
APFP6,"Fabric Paint 6 Color",780.00,715.00,0.00,0,,,,,,,5,pcs,inactive,,0.00,0.00,,[]
STCSN3D,"3D Nail Art Sticker - Face Gem 12 Pcs Mix Pack (NY-020)",2675.00,2178.00,0.00,0,,,,,,,5,pcs,inactive,,0.00,0.00,,[]
STRD3D,"Room Decor 3D Sticker",0.00,93.50,0.00,0,,,,,,,5,pcs,inactive,,0.00,0.00,,"[{""id"":19867,""attribute"":""Butterfly"",""sku"":""STRD3DBF"",""cost_price"":0,""price"":102,""wholesale_price"":0},{""id"":19866,""attribute"":""Unicorn"",""sku"":""STRD3DU"",""cost_price"":0,""price"":102,""wholesale_price"":0},{""id"":19865,""attribute"":""Kuromi"",""sku"":""STRD3DK"",""cost_price"":0,""price"":102,""wholesale_price"":0},{""id"":19864,""attribute"":""Hello Kitty"",""sku"":""STRD3DHK"",""cost_price"":0,""price"":102,""wholesale_price"":0},{""id"":19863,""attribute"":""Cinnamoroll"",""sku"":""STRD3DCR"",""cost_price"":0,""price"":102,""wholesale_price"":0},{""id"":19862,""attribute"":""Cars"",""sku"":""STRD3DC"",""cost_price"":0,""price"":102,""wholesale_price"":0}]"
PP2523,"Pencil Purse",0.00,643.50,0.00,0,,,,,,,5,pcs,active,,0.00,0.00,,"[{""id"":19874,""attribute"":""Pink"",""sku"":""PP2523P"",""cost_price"":0,""price"":702,""wholesale_price"":0},{""id"":19873,""attribute"":""Purple"",""sku"":""PP2523PU"",""cost_price"":0,""price"":702,""wholesale_price"":0},{""id"":19871,""attribute"":""Blue"",""sku"":""PP2523B"",""cost_price"":0,""price"":702,""wholesale_price"":0}]"
PP1194,"Pencil Purse Kuromi",0.00,489.50,0.00,0,,,,,,,5,pcs,active,,0.00,0.00,,"[{""id"":19879,""attribute"":""Purple"",""sku"":""PP1194PU"",""cost_price"":0,""price"":534,""wholesale_price"":0},{""id"":19878,""attribute"":""Pink"",""sku"":""PP1194PI"",""cost_price"":0,""price"":534,""wholesale_price"":0},{""id"":19877,""attribute"":""Blue"",""sku"":""PP1194B"",""cost_price"":0,""price"":534,""wholesale_price"":0}]"
BCBHN,"Handle Bag With Net",0.00,682.00,0.00,0,,,,,,,5,pcs,active,,0.00,0.00,,"[{""id"":19883,""attribute"":""Small"",""sku"":""BCBHNS"",""cost_price"":0,""price"":744,""wholesale_price"":0},{""id"":19882,""attribute"":""Large"",""sku"":""BCBHNL"",""cost_price"":0,""price"":744,""wholesale_price"":0}]"
BCBHC,"Handle Bag with Cartoon",564.00,517.00,0.00,0,,,,,,,5,pcs,active,,0.00,0.00,,[]
STSTSM,"Smile Star Sticker",144.00,132.00,0.00,0,,,,,,,5,pcs,active,,0.00,0.00,,[]
PPL,"Pencil Purse Labubu (H363)",0.00,0.00,0.00,0,,,,,,,5,pcs,active,,0.00,0.00,,"[{""id"":19892,""attribute"":""Purple"",""sku"":""PPLBPU"",""cost_price"":0,""price"":0,""wholesale_price"":0},{""id"":19891,""attribute"":""Pink"",""sku"":""PPLBP"",""cost_price"":0,""price"":0,""wholesale_price"":0},{""id"":19890,""attribute"":""Blue"",""sku"":""PPLB"",""cost_price"":0,""price"":0,""wholesale_price"":0}]"
PPST,"Pencil Purse Stitch",0.00,0.00,0.00,0,,,,,,,5,pcs,active,,0.00,0.00,,"[{""id"":19897,""attribute"":""Purple"",""sku"":""PPSTPU"",""cost_price"":0,""price"":0,""wholesale_price"":0},{""id"":19896,""attribute"":""Pink"",""sku"":""PPSTP"",""cost_price"":0,""price"":0,""wholesale_price"":0},{""id"":19895,""attribute"":""Blue"",""sku"":""PPSTB"",""cost_price"":0,""price"":0,""wholesale_price"":0}]"
PPP,"Pencil Purse Princess (H437)",0.00,0.00,0.00,0,,,,,,,5,pcs,active,,0.00,0.00,,"[{""id"":19908,""attribute"":""Purple"",""sku"":""PPPPU"",""cost_price"":0,""price"":0,""wholesale_price"":0},{""id"":19907,""attribute"":""Pink"",""sku"":""PPP"",""cost_price"":0,""price"":0,""wholesale_price"":0},{""id"":19906,""attribute"":""Blue"",""sku"":""PPP"",""cost_price"":0,""price"":0,""wholesale_price"":0}]"
BPB,"Plain Balloon",0.00,0.00,0.00,0,,,,,,,5,pcs,active,,0.00,0.00,,"[{""id"":19933,""attribute"":""20 PCS, Yellow"",""sku"":""BPB"",""cost_price"":0,""price"":192,""wholesale_price"":0},{""id"":19932,""attribute"":""20 PCS, Red"",""sku"":""BPB"",""cost_price"":0,""price"":192,""wholesale_price"":0},{""id"":19931,""attribute"":""20 PCS, Purple"",""sku"":""BPB"",""cost_price"":0,""price"":192,""wholesale_price"":0},{""id"":19930,""attribute"":""20 PCS, Orange"",""sku"":""BPB"",""cost_price"":0,""price"":192,""wholesale_price"":0},{""id"":19929,""attribute"":""20 PCS, Green"",""sku"":""BPB"",""cost_price"":0,""price"":192,""wholesale_price"":0},{""id"":19928,""attribute"":""20 PCS, Gold"",""sku"":""BPB20G"",""cost_price"":0,""price"":192,""wholesale_price"":0},{""id"":19927,""attribute"":""20 PCS, White"",""sku"":""BPB"",""cost_price"":0,""price"":192,""wholesale_price"":0},{""id"":19926,""attribute"":""20 PCS, Silver"",""sku"":""BPB"",""cost_price"":0,""price"":192,""wholesale_price"":0},{""id"":19925,""attribute"":""20 PCS, Pink"",""sku"":""BPB"",""cost_price"":0,""price"":192,""wholesale_price"":0},{""id"":19924,""attribute"":""20 PCS, Blue"",""sku"":""BPB20BL"",""cost_price"":0,""price"":192,""wholesale_price"":0},{""id"":19923,""attribute"":""20 PCS, Black"",""sku"":""BPB20B"",""cost_price"":0,""price"":192,""wholesale_price"":0},{""id"":19922,""attribute"":""100 PCS, Yellow"",""sku"":""BPB"",""cost_price"":0,""price"":630,""wholesale_price"":0},{""id"":19921,""attribute"":""100 PCS, Red"",""sku"":""BPB"",""cost_price"":0,""price"":630,""wholesale_price"":0},{""id"":19920,""attribute"":""100 PCS, Purple"",""sku"":""BPB"",""cost_price"":0,""price"":630,""wholesale_price"":0},{""id"":19919,""attribute"":""100 PCS, Orange"",""sku"":""BPB"",""cost_price"":0,""price"":630,""wholesale_price"":0},{""id"":19918,""attribute"":""100 PCS, Green"",""sku"":""BPB9SGR"",""cost_price"":0,""price"":630,""wholesale_price"":0},{""id"":19917,""attribute"":""100 PCS, Gold"",""sku"":""BPB"",""cost_price"":0,""price"":630,""wholesale_price"":0},{""id"":19916,""attribute"":""100 PCS, White"",""sku"":""BPB9SW"",""cost_price"":0,""price"":630,""wholesale_price"":0},{""id"":19915,""attribute"":""100 PCS, Silver"",""sku"":""BPB"",""cost_price"":0,""price"":630,""wholesale_price"":0},{""id"":19914,""attribute"":""100 PCS, Pink"",""sku"":""BPB"",""cost_price"":0,""price"":630,""wholesale_price"":0},{""id"":19913,""attribute"":""100 PCS, Blue"",""sku"":""BPB"",""cost_price"":0,""price"":630,""wholesale_price"":0},{""id"":19912,""attribute"":""100 PCS, Black"",""sku"":""BPB9SBL"",""cost_price"":0,""price"":630,""wholesale_price"":0}]"
APWCCV12,"Vneed Watercolor Cake",282.00,258.50,0.00,0,,,,,,,5,pcs,active,,0.00,0.00,,[]
APPC12,"Zero Color Pencil 12 PCS",357.60,327.80,0.00,0,,,,,,,5,pcs,active,,0.00,0.00,,[]
LBLDY,"Lunch Box Dayana",234.00,214.50,0.00,0,,,,,,,5,pcs,active,,0.00,0.00,,[]
STWLLPH,"Wall Sticker Large AQG",0.00,330.00,0.00,0,,,,,,,5,pcs,active,,0.00,0.00,,"[{""id"":19995,""attribute"":""Princess"",""sku"":""STWLLPH"",""cost_price"":0,""price"":360,""wholesale_price"":0},{""id"":19994,""attribute"":""Poo"",""sku"":""STWLLPOO"",""cost_price"":0,""price"":360,""wholesale_price"":0},{""id"":19993,""attribute"":""Micky"",""sku"":""STWLLPH"",""cost_price"":0,""price"":360,""wholesale_price"":0}]"
PEN10,"Ten Plus Pen 50 PCS",0.00,0.00,0.00,0,,,,,,,5,pcs,active,,0.00,0.00,,"[{""id"":20162,""attribute"":""Red"",""sku"":""PEN10R"",""cost_price"":0,""price"":990,""wholesale_price"":0},{""id"":20161,""attribute"":""Blue"",""sku"":""PEN10B"",""cost_price"":0,""price"":990,""wholesale_price"":0},{""id"":20160,""attribute"":""Black"",""sku"":""PEN10BL"",""cost_price"":0,""price"":990,""wholesale_price"":0}]"
MIWBG,"White Board Marker Ink",0.00,0.00,0.00,0,,,,,,,5,pcs,active,,0.00,0.00,,"[{""id"":20167,""attribute"":""Red"",""sku"":""MIWBGR"",""cost_price"":0,""price"":180,""wholesale_price"":0},{""id"":20166,""attribute"":""Blue"",""sku"":""MIWBGB"",""cost_price"":0,""price"":180,""wholesale_price"":0},{""id"":20165,""attribute"":""Black"",""sku"":""MIWBGBL"",""cost_price"":0,""price"":180,""wholesale_price"":0}]"
PNCB,"Brick Pencil Round",0.00,0.00,0.00,0,,,,,,,5,pcs,active,,0.00,0.00,,"[{""id"":20173,""attribute"":""Small"",""sku"":""PNCB223"",""cost_price"":0,""price"":196.8,""wholesale_price"":0},{""id"":20172,""attribute"":""Large"",""sku"":""PNCB226"",""cost_price"":0,""price"":277.2,""wholesale_price"":0}]"
STNC12,"Fancy Note Book",0.00,352.00,0.00,0,,,,,,,5,pcs,active,,0.00,0.00,,"[{""id"":20191,""attribute"":""Purple"",""sku"":""STNC12"",""cost_price"":0,""price"":384,""wholesale_price"":0},{""id"":20190,""attribute"":""Pink"",""sku"":""STNC12"",""cost_price"":0,""price"":384,""wholesale_price"":0},{""id"":20189,""attribute"":""Blue"",""sku"":""STNC12"",""cost_price"":0,""price"":384,""wholesale_price"":0}]"
OSCS9113CH,"Continuous Paper 9.5 x 11-3 Ply CHP",8430.00,7.00,0.00,0,,,,,,,5,pcs,active,,0.00,0.00,,[]
OSCS9112,"Continuous Paper 9.5 x 11-2 Ply",12374.40,11.00,0.00,0,,,,,,,5,pcs,active,,0.00,0.00,,[]
WBJ290,"Water Bottle J290",1320.00,1072.50,0.00,0,,,,,,,5,pcs,active,,0.00,0.00,,[]
WBGP506,"Glass Water Bottle (WBGP506)",780.00,632.50,0.00,0,,,,,,,5,pcs,inactive,,0.00,0.00,,[]
WBGP501,"Glass Water Bottle (WBGP501)",335.00,328.90,0.00,0,,,,,,,5,pcs,inactive,,0.00,0.00,,[]
WBGP502,"Glass Water Bottle (WBGP502)",780.00,632.50,0.00,0,,,,,,,5,pcs,inactive,,0.00,0.00,,[]
WBGP503,"Glass Water Bottle (WBGP503)",780.00,632.50,0.00,0,,,,,,,5,pcs,inactive,,0.00,0.00,,[]
WBGP504,"Glass Water Bottle (WBGP504)",780.00,632.50,0.00,0,,,,,,,5,pcs,inactive,,0.00,0.00,,[]
WBGP505,"Glass Water Bottle (WBGP505)",780.00,632.50,0.00,0,,,,,,,5,pcs,inactive,,0.00,0.00,,[]
WBGP507,"Glass Water Bottle (WBGP507)",780.00,632.50,0.00,0,,,,,,,5,pcs,inactive,,0.00,0.00,,[]
WBGP508,"Glass Water Bottle (WBGP508)",780.00,632.50,0.00,0,,,,,,,5,pcs,inactive,,0.00,0.00,,[]
WBGP509,"Glass Water Bottle (WBGP509)",780.00,632.50,0.00,0,,,,,,,5,pcs,inactive,,0.00,0.00,,[]
WBGP510,"Glass Water Bottle (WBGP510)",780.00,632.50,0.00,0,,,,,,,5,pcs,inactive,,0.00,0.00,,[]
WBGP511,"Glass Water Bottle (WBGP511)",780.00,632.50,0.00,0,,,,,,,5,pcs,inactive,,0.00,0.00,,[]
WBGP512,"Glass Water Bottle (WBGP512)",780.00,632.50,0.00,0,,,,,,,5,pcs,inactive,,0.00,0.00,,[]
WBGP513,"Glass Water Bottle (WBGP513)",780.00,632.50,0.00,0,,,,,,,5,pcs,inactive,,0.00,0.00,,[]
MB20242,"Magnet Box 20242",670.00,544.50,0.00,0,,,,,,,5,pcs,active,,0.00,0.00,,[]
TEST-SKU-001,"Falcon Luxury Blue Ink Pen",250.00,0.00,0.00,45,"Fine line executive pen with smooth ink output. Managed by Curtiss ERP.",,"Pens and Pencils",,,,5,pcs,active,,0.00,0.00,,[]
PM,"Permanant Marker",150.00,0.00,0.00,0,,,,,"Main Warehouse","Global Star",5,pcs,active,,0.00,0.00,,[]
WCC12,"Watercolor Cake 12",150.00,0.00,0.00,0,,,,,"Main Warehouse","Falcon Stationary PVT LTD",5,pcs,active,,0.00,0.00,,[]
MWC,"Master Water Color Tube",150.00,150.00,150.00,1000,,,"Arts and Crafts",,"Main Warehouse","Falcon Stationary PVT LTD",5,pcs,active,,0.00,0.00,,[]
CCP,"Test WooCom",500.00,0.00,0.00,0,,,,,,"Falcon Stationary PVT LTD",5,pcs,active,,0.00,0.00,,[]
